entry_date	entry_time	exit_time	direction	entry_price	exit_price	tdo	stop_price	contracts	pnl	exit_type	divergence_bar	entry_bar	stop_bar_wick_pts	reentry_sequence	prior_trade_bars_held	entry_bar_body_ratio	smt_sweep_pts	smt_miss_pts	bars_since_divergence	matches_hypothesis	session_direction	entry_matches_session
2024-01-02	09:24	09:25	short	16870.25	16873.1375	16862.0	16873.1375	4	-23.1	exit_stop	2	24	4.0	1	0	0.3714	0.75	0.0	22	False	long	False
2024-01-03	09:15	09:19	long	16602.25	16615.5	16610.0	16615.5	4	106.0	exit_stop	2	15	1.5	1	0	0.25	0.25	1.0	13	True	long	True
2024-01-03	09:33	09:35	long	16599.75	16630.0	16610.0	16630.0	4	242.0	exit_stop	22	33	21.25	2	4	0.359	0.25	7.0	11	True	long	True
2024-01-03	10:59	11:01	long	16595.0	16612.5	16610.0	16612.5	4	140.0	exit_stop	47	119	9.25	3	2	0.425	2.0	39.5	72	True	long	True
2024-01-04	09:09	09:10	short	16461.5	16464.3875	16453.25	16464.3875	4	-23.1	exit_stop	8	9	0.5	1	0	0.2857	0.5	2.0	1	False	long	False
2024-01-05	09:39	09:41	short	16463.75	16448.0	16449.0	16448.0	4	126.0	exit_stop	22	39	4.0	1	0	0.734	0.25	1.75	17	True	short	True
2024-01-09	09:11	09:12	short	16676.75	16679.4625	16669.0	16679.4625	4	-21.7	exit_stop	3	11	2.5	1	0	0.1333	0.25	0.0	8	False	neutral	False
2024-01-10	09:40	09:42	short	16855.0	16860.25	16840.0	16860.25	4	-42.0	exit_stop	15	40	1.5	1	0	0.5217	0.25	0.5	25	True	short	True
2024-01-11	09:31	09:33	short	16999.0	16975.75	16984.5	16975.75	4	186.0	exit_stop	18	31	2.75	1	0	0.1618	0.5	0.0	13	True	short	True
2024-01-12	09:54	09:55	short	17019.25	17023.1	17008.25	17023.1	4	-30.8	exit_stop	5	54	3.0	1	0	0.4821	0.25	0.5	49	False	long	False
2024-01-15	10:52	10:55	short	16968.25	16971.925	16957.75	16971.925	4	-29.4	exit_stop	14	112	0.25	1	0	0.1	0.25	9.0	98	True	short	True
2024-01-16	09:25	09:30	long	16903.5	16933.5	16916.5	16933.5	4	240.0	exit_stop	2	25	27.25	1	0	0.9038	0.5	1.0	23	True	long	True
2024-01-16	09:57	09:58	long	16904.0	16899.625	16916.5	16899.625	4	-35.0	exit_stop	40	57	7.5	2	5	0.5147	1.25	13.75	17	True	long	True
2024-01-18	13:02	13:03	long	16987.5	16984.2625	16996.75	16984.2625	4	-25.9	exit_stop	38	242	1.0	1	0	0.1569	0.25	29.0	204	False	short	False
2024-01-19	09:32	09:34	long	17179.0	17197.0	17190.5	17197.0	4	144.0	exit_stop	20	32	3.0	1	0	0.0847	0.25	5.0	12	False	short	False
2024-01-23	09:50	09:51	long	17476.0	17471.8875	17487.75	17471.8875	4	-32.9	exit_stop	1	50	5.5	1	0	0.3922	0.25	0.75	49	False	neutral	False
2024-01-26	09:21	09:22	long	17545.5	17541.2125	17557.75	17541.2125	4	-34.3	exit_stop	2	21	8.0	1	0	0.8148	0.25	0.25	19	False	neutral	False
2024-01-29	09:47	09:49	short	17560.5	17564.7875	17548.25	17564.7875	4	-34.3	exit_stop	23	47	0.25	1	0	0.7222	0.25	1.0	24	False	neutral	False
2024-01-30	09:34	09:35	short	17669.5	17672.3875	17661.25	17672.3875	4	-23.1	exit_stop	22	34	2.75	1	0	0.8065	0.25	12.75	12	False	neutral	False
2024-01-30	09:51	09:52	short	17669.5	17672.3875	17661.25	17672.3875	4	-23.1	exit_stop	49	51	1.75	2	1	0.6818	0.5	6.25	2	False	neutral	False
2024-01-31	09:25	09:30	long	17390.25	17400.5	17399.75	17400.5	4	82.0	exit_stop	3	25	23.5	1	0	0.8571	0.5	0.0	22	False	short	False
2024-02-01	10:50	10:51	short	17319.25	17323.45	17307.25	17323.45	4	-33.6	exit_stop	34	110	7.5	1	0	0.7975	0.5	16.75	76	True	short	True
2024-02-08	10:00	10:01	short	17846.25	17850.0125	17835.5	17850.0125	4	-30.1	exit_stop	2	60	1.75	1	0	0.3226	0.25	1.0	58	True	short	True
2024-02-09	09:31	09:32	long	17899.5	17896.175	17909.0	17896.175	4	-26.6	exit_stop	1	31	11.0	1	0	0.3125	0.25	0.5	30	False	short	False
2024-02-12	09:36	09:38	short	18042.5	18047.05	18029.5	18047.05	4	-36.4	exit_stop	2	36	10.0	1	0	0.2041	0.25	1.5	34	True	short	True
2024-02-12	10:34	10:36	short	18042.0	18046.375	18029.5	18046.375	4	-35.0	exit_stop	60	94	1.75	2	2	0.2188	0.25	7.75	34	True	short	True
2024-02-15	13:07	13:09	long	17874.75	17888.0	17888.25	17888.0	4	106.0	exit_stop	6	247	1.75	1	0	0.871	0.5	1.5	241	True	long	True
2024-02-19	09:10	09:30	long	17778.0	17796.0	17789.25	17796.0	4	144.0	exit_stop	8	10	8.0	1	0	0.8421	0.25	1.75	2	True	long	True
2024-02-21	09:56	09:58	long	17483.0	17478.8	17495.0	17478.8	4	-33.6	exit_stop	1	56	3.5	1	0	0.6034	0.25	0.25	55	True	long	True
2024-02-21	10:07	10:09	short	17505.25	17492.75	17495.0	17492.75	4	100.0	exit_stop	63	67	4.0	2	2	0.3385	1.0	8.0	4	False	long	False
2024-02-22	09:15	09:17	long	17881.75	17876.7625	17896.0	17876.7625	4	-39.9	exit_stop	5	15	1.25	1	0	0.3684	0.25	1.25	10	False	short	False
2024-02-22	09:32	09:33	long	17883.5	17879.125	17896.0	17879.125	4	-35.0	exit_stop	25	32	2.5	2	2	0.469	0.25	0.0	7	False	short	False
2024-02-23	09:42	09:43	short	18120.25	18125.325	18105.75	18125.325	4	-40.6	exit_stop	4	42	4.75	1	0	0.7571	0.25	0.75	38	True	short	True
2024-02-26	09:22	09:24	long	18005.5	18001.475	18017.0	18001.475	4	-32.2	exit_stop	19	22	2.5	1	0	0.6316	0.25	1.25	3	True	long	True
2024-02-28	09:48	09:49	long	17914.25	17911.0125	17923.5	17911.0125	4	-25.9	exit_stop	27	48	2.75	1	0	0.3636	0.5	2.25	21	True	long	True
2024-02-28	13:25	13:26	short	17931.0	17933.625	17923.5	17933.625	4	-21.0	exit_stop	70	265	0.5	2	1	0.5556	1.5	25.25	195	False	long	False
2024-02-29	09:31	09:32	short	18042.25	18046.45	18030.25	18046.45	4	-33.6	exit_stop	1	31	7.5	1	0	0.3571	0.25	0.75	30	True	short	True
2024-02-29	10:22	10:23	long	18019.25	18015.4	18030.25	18015.4	4	-30.8	exit_stop	70	82	7.5	2	1	0.791	3.75	2.75	12	False	short	False
2024-03-01	09:06	09:09	long	18085.5	18081.65	18096.5	18081.65	4	-30.8	exit_stop	5	6	1.75	1	0	0.4348	0.5	0.0	1	False	short	False
2024-03-01	09:47	09:49	short	18110.0	18096.25	18096.5	18096.25	4	110.0	exit_stop	15	47	1.75	2	3	0.7188	0.25	1.5	32	True	short	True
2024-03-06	09:12	09:14	long	18091.75	18087.4625	18104.0	18087.4625	4	-34.3	exit_stop	11	12	0.5	1	0	0.9091	0.5	0.75	1	True	long	True
2024-03-07	09:40	09:42	short	18194.75	18179.0	18182.25	18179.0	4	126.0	exit_stop	8	40	19.5	1	0	0.6875	0.5	2.75	32	False	neutral	False
2024-03-08	09:38	09:39	long	18308.75	18305.3375	18318.5	18305.3375	4	-27.3	exit_stop	13	38	4.0	1	0	0.7955	0.5	0.75	25	False	short	False
2024-03-11	09:22	09:26	short	17985.5	17966.5	17975.75	17966.5	4	152.0	exit_stop	3	22	7.5	1	0	0.5333	0.5	0.25	19	False	long	False
2024-03-11	09:46	09:48	short	17986.5	17958.5	17975.75	17958.5	4	224.0	exit_stop	30	46	16.25	2	4	0.2895	2.25	0.25	16	False	long	False
2024-03-12	09:06	09:07	long	18057.25	18054.625	18064.75	18054.625	4	-21.0	exit_stop	2	6	4.75	1	0	0.5849	0.75	2.25	4	False	short	False
2024-03-12	10:00	10:01	long	18052.0	18047.5375	18064.75	18047.5375	4	-35.7	exit_stop	10	60	15.25	2	1	0.36	0.75	2.0	50	False	short	False
2024-03-12	10:08	10:10	short	18078.5	18057.25	18064.75	18057.25	4	170.0	exit_stop	67	68	0.25	3	1	0.2059	1.25	9.25	1	True	short	True
2024-03-13	09:13	09:14	short	18436.75	18439.725	18428.25	18439.725	4	-23.8	exit_stop	9	13	0.75	1	0	0.5714	0.25	0.5	4	True	short	True
2024-03-13	09:26	09:27	short	18436.0	18438.7125	18428.25	18438.7125	4	-21.7	exit_stop	25	26	6.75	2	1	0.0833	0.5	4.0	1	True	short	True
2024-03-15	10:36	10:37	long	18138.75	18134.025	18152.25	18134.025	4	-37.8	exit_stop	30	96	8.5	1	0	0.8	0.5	12.5	66	False	short	False
2024-03-18	09:57	09:58	short	18298.75	18303.7375	18284.5	18303.7375	4	-39.9	exit_stop	29	57	14.0	1	0	0.604	2.25	10.25	28	True	short	True
2024-03-19	09:10	09:18	long	18130.25	18144.25	18143.5	18144.25	4	112.0	exit_stop	1	10	0.75	1	0	0.7547	0.25	1.0	9	True	long	True
2024-03-22	09:42	09:43	long	18524.75	18520.2875	18537.5	18520.2875	4	-35.7	exit_stop	23	42	2.75	1	0	0.037	0.25	1.0	19	True	long	True
2024-03-25	09:46	09:49	long	18447.5	18467.5	18458.75	18467.5	4	160.0	exit_stop	9	46	13.0	1	0	0.5529	0.5	0.5	37	True	long	True
2024-03-26	09:35	09:36	short	18583.5	18588.6625	18568.75	18588.6625	4	-41.3	exit_stop	33	35	6.5	1	0	0.2951	0.25	2.25	2	True	short	True
2024-03-28	09:16	09:21	short	18507.25	18500.5	18500.0	18500.5	4	54.0	exit_stop	12	16	1.25	1	0	0.625	0.5	0.75	4	False	long	False
2024-04-01	09:18	09:20	long	18489.25	18485.225	18500.75	18485.225	4	-32.2	exit_stop	11	18	2.5	1	0	0.68	0.25	1.0	7	False	short	False
2024-04-02	09:35	09:37	long	18273.5	18289.0	18287.5	18289.0	4	124.0	exit_stop	4	35	0.0	1	0	0.3538	0.25	0.75	31	True	long	True
2024-04-04	13:01	13:10	short	18550.5	18553.65	18541.5	18553.65	4	-25.2	exit_stop	8	241	3.25	1	0	0.8182	0.75	1.25	233	True	short	True
2024-04-05	09:15	09:17	long	18129.5	18145.5	18138.25	18145.5	4	128.0	exit_stop	8	15	2.25	1	0	0.3111	0.25	0.75	7	True	long	True
2024-04-08	10:24	10:26	long	18322.0	18336.5	18330.25	18336.5	4	116.0	exit_stop	2	84	15.75	1	0	0.9333	0.25	0.0	82	False	short	False
2024-04-11	09:41	09:42	long	18256.5	18253.4375	18265.25	18253.4375	4	-24.5	exit_stop	36	41	8.0	1	0	0.6186	1.25	23.25	5	True	long	True
2024-04-12	09:17	09:18	short	18308.0	18311.9375	18296.75	18311.9375	4	-31.5	exit_stop	15	17	4.5	1	0	0.5357	0.75	7.25	2	True	short	True
2024-04-12	09:34	09:35	short	18304.5	18307.2125	18296.75	18307.2125	4	-21.7	exit_stop	30	34	6.75	2	1	0.5152	1.25	16.25	4	True	short	True
2024-04-12	09:49	09:50	short	18310.75	18315.65	18296.75	18315.65	4	-39.2	exit_stop	45	49	4.5	3	1	0.8438	1.25	6.0	4	True	short	True
2024-04-16	09:38	09:40	long	17858.75	17881.0	17867.75	17881.0	4	178.0	exit_stop	1	38	11.75	1	0	0.4576	1.25	0.75	37	False	neutral	False
2024-04-16	09:49	09:51	long	17853.0	17875.0	17867.75	17875.0	4	176.0	exit_stop	43	49	8.75	2	2	0.6383	1.25	12.0	6	False	neutral	False
2024-04-16	10:39	10:42	long	17853.75	17848.85	17867.75	17848.85	4	-39.2	exit_stop	93	99	1.0	3	2	0.5085	1.5	30.75	6	False	neutral	False
2024-04-18	09:22	09:23	short	17684.25	17688.1875	17673.0	17688.1875	4	-31.5	exit_stop	21	22	7.0	1	0	0.5667	1.0	3.5	1	False	long	False
2024-04-22	09:35	09:37	long	17275.5	17270.95	17288.5	17270.95	4	-36.4	exit_stop	27	35	2.0	1	0	0.2857	0.25	2.0	8	True	long	True
2024-04-22	13:02	13:04	long	17279.0	17289.5	17288.5	17289.5	4	84.0	exit_stop	42	242	4.75	2	2	0.7879	2.0	4.5	200	True	long	True
2024-04-22	13:08	13:10	short	17296.75	17299.6375	17288.5	17299.6375	4	-23.1	exit_stop	246	248	1.5	3	2	0.4615	0.25	29.25	2	False	long	False
2024-04-22	13:15	13:16	short	17299.25	17303.0125	17288.5	17303.0125	4	-30.1	exit_stop	253	255	1.75	4	2	0.65	0.5	23.25	2	False	long	False
2024-04-23	09:39	09:40	short	17441.0	17445.2875	17428.75	17445.2875	4	-34.3	exit_stop	22	39	6.25	1	0	0.1228	0.5	3.5	17	True	short	True
2024-04-29	09:34	09:35	short	17935.75	17940.7375	17921.5	17940.7375	4	-39.9	exit_stop	29	34	6.5	1	0	0.4286	2.25	4.25	5	True	short	True
2024-04-30	09:48	09:49	short	17850.75	17855.825	17836.25	17855.825	4	-40.6	exit_stop	5	48	3.25	1	0	0.4595	0.75	0.25	43	False	long	False
2024-05-01	09:17	09:29	short	17514.5	17498.5	17501.5	17498.5	4	128.0	exit_stop	1	17	3.25	1	0	0.0435	0.25	1.25	16	False	long	False
2024-05-03	10:09	10:11	long	17949.5	17958.25	17958.0	17958.25	4	70.0	exit_stop	7	69	6.75	1	0	0.7257	0.25	9.75	62	False	short	False
2024-05-06	09:09	09:13	long	18059.25	18054.0	18074.25	18054.0	4	-42.0	exit_stop	5	9	1.0	1	0	0.3478	0.75	2.25	4	False	neutral	False
2024-05-06	09:46	09:47	short	18087.75	18092.475	18074.25	18092.475	4	-37.8	exit_stop	43	46	2.75	2	4	0.1154	0.5	13.0	3	False	neutral	False
2024-05-07	09:33	09:34	short	18223.0	18227.1125	18211.25	18227.1125	4	-32.9	exit_stop	9	33	2.25	1	0	0.6842	0.25	0.0	24	True	short	True
2024-05-09	10:42	10:43	short	18195.75	18198.9	18186.75	18198.9	4	-25.2	exit_stop	63	102	1.5	1	0	0.9574	0.75	41.0	39	False	neutral	False
2024-05-10	10:10	10:12	short	18281.5	18265.0	18274.25	18265.0	4	132.0	exit_stop	29	70	2.75	1	0	0.8491	0.25	4.5	41	False	long	False
2024-05-10	10:23	10:25	long	18260.0	18255.0125	18274.25	18255.0125	4	-39.9	exit_stop	79	83	5.0	2	2	0.3056	0.5	1.25	4	True	long	True
2024-05-14	09:31	09:34	short	18288.0	18266.25	18274.0	18266.25	4	174.0	exit_stop	16	31	2.5	1	0	0.1852	0.75	0.5	15	False	long	False
2024-05-15	09:26	09:27	long	18501.0	18498.1125	18509.25	18498.1125	4	-23.1	exit_stop	23	26	6.75	1	0	0.1818	0.25	9.5	3	False	short	False
2024-05-16	09:40	09:41	short	18691.25	18695.7125	18678.5	18695.7125	4	-35.7	exit_stop	30	40	1.25	1	0	0.3077	2.25	5.75	10	True	short	True
2024-05-17	09:51	09:52	long	18641.0	18637.5	18651.0	18637.5	4	-28.0	exit_stop	6	51	0.75	1	0	0.5312	0.25	0.0	45	False	neutral	False
2024-05-22	09:10	09:20	long	18797.75	18808.75	18808.0	18808.75	4	88.0	exit_stop	2	10	0.5	1	0	0.4286	0.25	1.0	8	False	short	False
2024-05-22	09:33	09:34	short	18818.0	18821.5	18808.0	18821.5	4	-28.0	exit_stop	23	33	4.5	2	10	0.359	0.25	2.25	10	True	short	True
2024-05-22	09:47	09:48	short	18816.0	18818.8	18808.0	18818.8	4	-22.4	exit_stop	43	47	7.5	3	1	0.125	0.75	20.0	4	True	short	True
2024-05-22	09:53	09:56	short	18817.25	18820.4875	18808.0	18820.4875	4	-25.9	exit_stop	50	53	1.75	4	1	0.6567	0.5	1.75	3	True	short	True
2024-05-24	09:24	09:27	long	18751.25	18747.4	18762.25	18747.4	4	-30.8	exit_stop	15	24	5.0	1	0	0.8776	0.5	0.0	9	True	long	True
2024-05-24	09:47	09:49	short	18776.0	18749.75	18762.25	18749.75	4	210.0	exit_stop	36	47	0.25	2	3	0.46	0.75	4.75	11	False	long	False
2024-05-24	09:59	10:01	long	18749.25	18797.0	18762.25	18797.0	4	382.0	exit_stop	51	59	2.5	3	2	0.3438	1.0	8.25	8	True	long	True
2024-05-27	09:49	09:50	short	18893.0	18897.8125	18879.25	18897.8125	4	-38.5	exit_stop	6	49	4.25	1	0	0.7647	0.25	0.5	43	False	neutral	False
2024-05-28	09:05	09:14	long	18908.75	18922.0	18920.25	18922.0	4	106.0	exit_stop	1	5	0.25	1	0	0.7931	0.25	0.25	4	False	neutral	False
2024-05-29	09:14	09:17	short	18774.5	18765.25	18765.5	18765.25	4	74.0	exit_stop	13	14	1.25	1	0	0.75	0.25	2.5	1	False	long	False
2024-05-30	09:17	09:25	long	18751.25	18769.5	18764.75	18769.5	4	146.0	exit_stop	11	17	5.0	1	0	0.5	0.5	1.75	6	True	long	True
2024-05-31	09:35	09:37	long	18592.5	18616.25	18602.0	18616.25	4	190.0	exit_stop	4	35	4.25	1	0	0.8267	0.25	0.75	31	False	short	False
2024-06-03	09:39	09:40	short	18724.5	18728.6125	18712.75	18728.6125	4	-32.9	exit_stop	5	39	0.0	1	0	0.3793	0.25	0.25	34	True	short	True
2024-06-04	09:36	09:37	long	18625.0	18620.3625	18638.25	18620.3625	4	-37.1	exit_stop	3	36	3.5	1	0	0.8527	0.25	0.75	33	True	long	True
2024-06-04	10:42	10:46	short	18647.5	18633.25	18638.25	18633.25	4	114.0	exit_stop	48	102	9.0	2	1	0.1714	0.25	21.0	54	False	long	False
2024-06-06	09:06	09:13	long	19090.75	19086.4625	19103.0	19086.4625	4	-34.3	exit_stop	4	6	10.5	1	0	0.4	0.25	0.75	2	False	short	False
2024-06-07	09:52	09:53	short	19048.0	19050.625	19040.5	19050.625	4	-21.0	exit_stop	16	52	1.0	1	0	0.7321	1.75	6.25	36	False	long	False
2024-06-07	10:18	10:19	short	19048.75	19051.6375	19040.5	19051.6375	4	-23.1	exit_stop	62	78	2.25	2	1	0.4	0.25	17.5	16	False	long	False
2024-06-11	09:37	09:40	short	19072.5	19056.0	19058.0	19056.0	4	132.0	exit_stop	9	37	1.0	1	0	0.7778	1.0	3.5	28	False	neutral	False
2024-06-11	10:00	10:01	long	19043.25	19038.0875	19058.0	19038.0875	4	-41.3	exit_stop	42	60	5.25	2	3	0.5556	0.25	24.5	18	False	neutral	False
2024-06-13	09:07	09:09	long	19623.75	19619.2	19636.75	19619.2	4	-36.4	exit_stop	3	7	3.75	1	0	0.4474	0.25	0.0	4	False	short	False
2024-06-13	09:48	09:49	short	19647.25	19650.925	19636.75	19650.925	4	-29.4	exit_stop	16	48	5.25	2	2	0.1579	0.25	2.25	32	True	short	True
2024-06-14	09:41	09:42	short	19591.75	19596.65	19577.75	19596.65	4	-39.2	exit_stop	34	41	6.75	1	0	0.3103	1.0	0.25	7	False	long	False
2024-06-17	09:19	09:30	long	19684.0	19702.25	19693.75	19702.25	4	146.0	exit_stop	17	19	7.5	1	0	0.0769	0.25	2.5	2	True	long	True
2024-06-17	09:36	09:37	long	19683.25	19679.575	19693.75	19679.575	4	-29.4	exit_stop	32	36	5.75	2	11	0.5942	1.25	6.0	4	True	long	True
2024-06-17	10:11	10:12	short	19706.0	19710.2875	19693.75	19710.2875	4	-34.3	exit_stop	45	71	3.0	3	1	0.65	0.5	24.5	26	False	long	False
2024-06-18	09:16	09:18	short	19924.25	19926.875	19916.75	19926.875	4	-21.0	exit_stop	15	16	1.75	1	0	0.6452	0.5	7.0	1	True	short	True
2024-06-18	09:22	09:28	short	19929.75	19934.3	19916.75	19934.3	4	-36.4	exit_stop	21	22	5.5	2	2	0.0833	0.25	4.5	1	True	short	True
2024-06-18	09:33	09:34	short	19926.5	19929.9125	19916.75	19929.9125	4	-27.3	exit_stop	30	33	0.75	3	6	0.8333	1.25	15.5	3	True	short	True
2024-06-18	13:30	13:30	short	19929.75	19929.75	19916.75	19934.3	4	-0.0	session_close	36	270		4	1	0.8409	0.25	3.25	234	True	short	True
2024-06-20	09:39	09:40	long	20233.0	20228.625	20245.5	20228.625	4	-35.0	exit_stop	1	39	6.5	1	0	0.5	0.25	0.5	38	False	short	False
2024-06-20	09:45	09:51	short	20259.25	20234.25	20245.5	20234.25	4	200.0	exit_stop	43	45	13.0	2	1	0.1176	0.5	20.25	2	True	short	True
2024-06-21	09:24	09:25	short	20031.25	20036.2375	20017.0	20036.2375	4	-39.9	exit_stop	22	24	11.5	1	0	0.4444	0.75	2.75	2	False	neutral	False
2024-06-21	09:42	09:43	long	20006.25	20002.4875	20017.0	20002.4875	4	-30.1	exit_stop	28	42	0.0	2	1	0.7812	0.75	12.0	14	False	neutral	False
2024-06-24	09:36	09:37	short	19932.75	19936.5125	19922.0	19936.5125	4	-30.1	exit_stop	2	36	10.5	1	0	0.5882	0.25	0.75	34	False	neutral	False
2024-06-24	09:55	09:57	short	19931.75	19923.0	19922.0	19923.0	4	70.0	exit_stop	39	55	0.5	2	1	0.5167	0.75	24.0	16	False	neutral	False
2024-06-25	09:36	09:37	long	19815.75	19810.675	19830.25	19810.675	4	-40.6	exit_stop	1	36	2.5	1	0	0.3404	0.25	0.25	35	False	neutral	False
2024-06-27	09:17	09:26	short	20000.0	19990.75	19990.5	19990.75	4	74.0	exit_stop	6	17	1.5	1	0	0.2667	0.5	2.5	11	False	neutral	False
2024-06-28	09:35	09:37	long	20058.75	20086.5	20070.25	20086.5	4	222.0	exit_stop	22	35	13.75	1	0	0.7253	0.75	6.75	13	False	short	False
2024-07-01	09:16	09:17	long	19958.25	19953.7875	19971.0	19953.7875	4	-35.7	exit_stop	11	16	2.5	1	0	0.7742	0.5	2.25	5	True	long	True
2024-07-01	13:23	13:24	short	19982.25	19986.1875	19971.0	19986.1875	4	-31.5	exit_stop	29	263	0.5	2	1	0.6667	1.0	18.25	234	False	long	False
2024-07-05	09:35	09:36	short	20456.5	20461.75	20441.5	20461.75	4	-42.0	exit_stop	34	35	1.25	1	0	0.3333	0.75	13.5	1	False	long	False
2024-07-08	13:14	13:17	short	20643.5	20628.25	20632.0	20628.25	4	122.0	exit_stop	1	254	0.5	1	0	0.2667	0.25	0.75	253	False	neutral	False
2024-07-09	09:43	09:44	short	20734.5	20738.525	20723.0	20738.525	4	-32.2	exit_stop	16	43	0.75	1	0	0.2593	0.25	0.0	27	False	neutral	False
2024-07-09	10:01	10:02	short	20736.25	20740.8875	20723.0	20740.8875	4	-37.1	exit_stop	56	61	0.25	2	1	0.5294	1.5	5.0	5	False	neutral	False
2024-07-10	09:55	09:58	short	20770.75	20755.5	20758.0	20755.5	4	122.0	exit_stop	3	55	0.75	1	0	0.2222	0.5	0.0	52	True	short	True
2024-07-10	10:17	10:19	short	20771.5	20776.225	20758.0	20776.225	4	-37.8	exit_stop	60	77	3.0	2	3	0.625	0.75	7.25	17	True	short	True
2024-07-12	09:24	09:25	long	20432.75	20429.075	20443.25	20429.075	4	-29.4	exit_stop	17	24	6.0	1	0	0.8049	0.25	10.25	7	True	long	True
2024-07-12	09:31	09:33	short	20455.0	20430.5	20443.25	20430.5	4	196.0	exit_stop	29	31	6.25	2	1	0.1607	0.5	5.0	2	False	long	False
2024-07-15	09:49	09:51	short	20620.0	20594.25	20610.0	20594.25	4	206.0	exit_stop	5	49	10.0	1	0	0.6044	0.25	0.75	44	False	neutral	False
2024-07-17	09:33	09:34	long	20251.5	20248.525	20260.0	20248.525	4	-23.8	exit_stop	19	33	1.0	1	0	0.169	0.25	0.75	14	True	long	True
2024-07-18	09:08	09:23	short	20156.5	20134.25	20141.5	20134.25	4	178.0	exit_stop	7	8	0.75	1	0	0.4839	0.5	1.5	1	False	long	False
2024-07-19	09:32	09:34	long	19861.25	19907.0	19868.5	19907.0	4	366.0	exit_stop	4	32	25.75	1	0	0.5847	0.25	1.25	28	True	long	True
2024-07-22	09:57	09:58	short	19969.5	19974.575	19955.0	19974.575	4	-40.6	exit_stop	4	57	0.75	1	0	0.9259	0.25	0.0	53	False	neutral	False
2024-07-22	10:03	10:04	long	19941.25	19936.4375	19955.0	19936.4375	4	-38.5	exit_stop	61	63	0.0	2	1	0.3553	3.0	54.0	2	False	neutral	False
2024-07-23	10:52	10:53	long	19947.0	19943.2375	19957.75	19943.2375	4	-30.1	exit_stop	1	112	2.0	1	0	0.9014	0.25	3.0	111	False	short	False
2024-07-25	09:03	09:04	long	19208.25	19205.1	19217.25	19205.1	4	-25.2	exit_stop	1	3	1.5	1	0	0.8372	0.5	1.5	2	True	long	True
2024-07-26	09:26	09:29	short	19177.75	19159.75	19163.75	19159.75	4	144.0	exit_stop	9	26	7.25	1	0	0.359	0.5	0.5	17	False	long	False
2024-07-29	09:35	09:36	long	19272.75	19268.55	19284.75	19268.55	4	-33.6	exit_stop	2	35	27.0	1	0	0.5851	0.25	0.75	33	False	short	False
2024-07-29	10:35	10:37	long	19276.75	19284.5	19284.75	19284.5	4	62.0	exit_stop	92	95	7.0	2	1	0.6329	2.5	31.25	3	False	short	False
2024-07-31	09:42	09:44	short	19383.75	19321.0	19371.0	19321.0	4	502.0	exit_stop	3	42	27.75	1	0	0.754	0.25	2.5	39	True	short	True
2024-08-01	10:26	10:27	long	19510.25	19505.0	19525.25	19505.0	4	-42.0	exit_stop	10	86	3.75	1	0	0.3853	0.75	1.0	76	False	short	False
2024-08-06	09:09	09:10	short	18091.5	18096.4875	18077.25	18096.4875	4	-39.9	exit_stop	4	9	4.75	1	0	0.3288	1.0	3.5	5	True	short	True
2024-08-06	09:47	09:49	long	18063.0	18081.0	18077.25	18081.0	4	144.0	exit_stop	29	47	17.5	2	1	0.7888	4.5	6.0	18	False	short	False
2024-08-07	10:30	10:31	long	18442.5	18438.65	18453.5	18438.65	4	-30.8	exit_stop	4	90	5.0	1	0	0.3097	0.25	0.75	86	False	short	False
2024-08-13	09:03	09:04	long	18810.0	18805.8875	18821.75	18805.8875	4	-32.9	exit_stop	1	3	4.75	1	0	0.2692	1.0	0.25	2	False	short	False
2024-08-14	09:36	09:37	long	19128.0	19124.85	19137.0	19124.85	4	-25.2	exit_stop	8	36	5.25	1	0	0.3478	0.5	0.0	28	False	short	False
2024-08-15	09:07	09:08	long	19340.25	19336.05	19352.25	19336.05	4	-33.6	exit_stop	1	7	1.5	1	0	0.7391	0.25	0.5	6	False	short	False
2024-08-16	09:53	09:56	short	19518.0	19494.25	19503.25	19494.25	4	190.0	exit_stop	4	53	15.5	1	0	0.5079	0.75	0.25	49	True	short	True
2024-08-16	10:48	10:50	short	19512.25	19496.75	19503.25	19496.75	4	124.0	exit_stop	60	108	5.0	2	3	0.821	2.75	7.75	48	True	short	True
2024-08-19	09:24	09:29	short	19618.75	19601.0	19604.75	19601.0	4	142.0	exit_stop	2	24	1.5	1	0	0.7692	0.75	1.75	22	True	short	True
2024-08-19	10:09	10:10	short	19613.75	19616.9	19604.75	19616.9	4	-25.2	exit_stop	33	69	6.25	2	5	0.3585	1.0	26.5	36	True	short	True
2024-08-20	10:53	10:54	long	19808.5	19805.2625	19817.75	19805.2625	4	-25.9	exit_stop	3	113	3.75	1	0	0.78	0.25	0.75	110	False	short	False
2024-08-21	09:35	09:37	long	19832.25	19844.5	19842.0	19844.5	4	98.0	exit_stop	21	35	2.25	1	0	0.5488	0.75	5.25	14	True	long	True
2024-08-21	09:47	09:48	short	19853.25	19857.1875	19842.0	19857.1875	4	-31.5	exit_stop	39	47	6.5	2	2	0.8049	0.75	7.25	8	False	long	False
2024-08-21	10:57	10:59	long	19832.75	19848.75	19842.0	19848.75	4	128.0	exit_stop	74	117	0.75	3	1	0.6324	1.5	40.75	43	True	long	True
2024-08-22	09:06	09:18	long	19984.0	19998.75	19998.0	19998.75	4	118.0	exit_stop	5	6	4.75	1	0	0.1667	0.25	1.25	1	False	short	False
2024-08-23	09:07	09:08	short	19765.0	19768.2375	19755.75	19768.2375	4	-25.9	exit_stop	1	7	1.25	1	0	0.3125	0.25	0.75	6	False	long	False
2024-08-23	09:20	09:27	short	19766.75	19755.5	19755.75	19755.5	4	90.0	exit_stop	17	20	4.25	2	1	0.9362	0.5	0.0	3	False	long	False
2024-08-26	09:11	09:12	short	19771.5	19774.3875	19763.25	19774.3875	4	-23.1	exit_stop	10	11	0.0	1	0	0.4615	0.25	2.5	1	False	neutral	False
2024-08-26	09:35	09:36	short	19773.5	19777.0875	19763.25	19777.0875	4	-28.7	exit_stop	31	35	8.25	2	1	0.6167	0.25	14.75	4	False	neutral	False
2024-08-27	09:57	09:58	short	19537.5	19542.4	19523.5	19542.4	4	-39.2	exit_stop	50	57	1.25	1	0	0.662	0.5	18.5	7	False	long	False
2024-08-27	10:03	10:04	short	19536.5	19541.05	19523.5	19541.05	4	-36.4	exit_stop	60	63	3.75	2	1	0.5932	1.75	3.75	3	False	long	False
2024-08-30	10:15	10:16	short	19571.5	19575.7875	19559.25	19575.7875	4	-34.3	exit_stop	13	75	14.5	1	0	0.2432	0.25	2.0	62	False	long	False
2024-09-02	10:09	10:11	long	19608.25	19604.575	19618.75	19604.575	4	-29.4	exit_stop	10	69	2.25	1	0	0.5238	0.25	7.5	59	False	short	False
2024-09-03	09:26	09:28	short	19486.0	19476.0	19477.75	19476.0	4	80.0	exit_stop	6	26	11.5	1	0	0.7955	0.25	0.25	20	False	long	False
2024-09-05	13:28	13:29	short	18900.0	18891.75	18886.5	18904.725	4	66.0	session_close	15	268		1	0	0.7344	0.5	3.25	253	False	long	False
2024-09-06	09:31	09:33	short	18938.75	18886.0	18929.75	18886.0	4	422.0	exit_stop	30	31	20.75	1	0	0.5435	3.75	5.25	1	False	long	False
2024-09-09	09:36	09:37	short	18640.75	18644.95	18628.75	18644.95	4	-33.6	exit_stop	3	36	8.0	1	0	0.6224	0.25	4.75	33	False	long	False
2024-09-10	09:25	09:29	short	18770.75	18756.25	18758.5	18756.25	4	116.0	exit_stop	5	25	5.0	1	0	0.5938	0.25	0.25	20	True	short	True
2024-09-10	09:37	09:38	long	18747.0	18742.975	18758.5	18742.975	4	-32.2	exit_stop	34	37	1.75	2	4	0.1593	1.0	14.5	3	False	short	False
2024-09-16	09:52	09:53	long	19420.75	19415.85	19434.75	19415.85	4	-39.2	exit_stop	13	52	3.25	1	0	0.2836	0.25	0.75	39	False	short	False
2024-09-17	09:36	09:37	long	19552.75	19549.775	19561.25	19549.775	4	-23.8	exit_stop	3	36	6.25	1	0	0.699	0.5	2.5	33	False	short	False
2024-09-17	10:11	10:12	short	19569.75	19572.725	19561.25	19572.725	4	-23.8	exit_stop	67	71	12.75	2	1	0.3673	2.0	26.75	4	True	short	True
2024-09-18	09:32	09:33	long	19717.75	19713.1125	19731.0	19713.1125	4	-37.1	exit_stop	9	32	3.75	1	0	0.28	0.5	0.0	23	False	short	False
2024-09-20	10:08	10:09	long	20021.75	20017.1125	20035.0	20017.1125	4	-37.1	exit_stop	27	68	7.25	1	0	0.8367	0.75	12.0	41	False	neutral	False
2024-09-23	10:09	10:11	short	20085.5	20061.75	20076.5	20061.75	4	190.0	exit_stop	4	69	0.0	1	0	0.25	0.25	0.0	65	True	short	True
2024-09-23	10:27	10:28	short	20086.0	20089.325	20076.5	20089.325	4	-26.6	exit_stop	79	87	0.75	2	2	0.5581	0.75	12.5	8	True	short	True
2024-09-24	09:37	09:38	long	20123.25	20119.05	20135.25	20119.05	4	-33.6	exit_stop	30	37	2.25	1	0	0.88	2.5	20.0	7	False	short	False
2024-09-25	09:42	09:44	short	20153.75	20158.3	20140.75	20158.3	4	-36.4	exit_stop	26	42	2.75	1	0	0.4675	0.25	4.25	16	False	neutral	False
2024-09-27	09:33	09:34	long	20367.5	20364.175	20377.0	20364.175	4	-26.6	exit_stop	1	33	7.0	1	0	0.6951	0.25	2.0	32	False	short	False
2024-09-30	10:04	10:05	short	20190.25	20194.1875	20179.0	20194.1875	4	-31.5	exit_stop	30	64	8.25	1	0	0.6452	0.25	1.5	34	False	long	False
2024-09-30	13:08	13:10	short	20192.0	20196.55	20179.0	20196.55	4	-36.4	exit_stop	96	248	2.5	2	1	0.8	0.5	54.0	152	False	long	False
2024-10-03	13:02	13:03	long	19902.0	19898.4125	19912.25	19898.4125	4	-28.7	exit_stop	40	242	1.0	1	0	0.7143	1.25	54.25	202	True	long	True
2024-10-04	09:34	09:35	long	20216.0	20211.975	20227.5	20211.975	4	-32.2	exit_stop	3	34	12.75	1	0	0.825	0.25	0.0	31	False	short	False
2024-10-04	09:38	09:40	long	20219.75	20235.25	20227.5	20235.25	4	124.0	exit_stop	37	38	3.0	2	1	0.36	3.0	7.75	1	False	short	False
2024-10-07	09:39	09:40	short	20147.5	20151.175	20137.0	20151.175	4	-29.4	exit_stop	36	39	3.75	1	0	0.3765	0.5	0.75	3	True	short	True
2024-10-07	09:56	09:57	long	20125.5	20121.475	20137.0	20121.475	4	-32.2	exit_stop	51	56	3.25	2	1	0.3819	0.25	7.75	5	False	short	False
2024-10-07	10:44	10:45	short	20147.75	20151.5125	20137.0	20151.5125	4	-30.1	exit_stop	65	104	3.0	3	1	0.3443	1.25	12.5	39	True	short	True
2024-10-10	09:36	09:37	short	20368.75	20371.9	20359.75	20371.9	4	-25.2	exit_stop	29	36	8.5	1	0	0.5205	0.5	20.25	7	True	short	True
2024-10-10	09:57	09:58	short	20371.25	20375.275	20359.75	20375.275	4	-32.2	exit_stop	56	57	3.0	2	1	0.3125	1.75	7.75	1	True	short	True
2024-10-11	09:40	09:44	long	20329.0	20351.25	20340.5	20351.25	4	178.0	exit_stop	6	40	1.0	1	0	0.5479	0.25	2.75	34	False	short	False
2024-10-11	09:52	09:54	short	20353.5	20358.05	20340.5	20358.05	4	-36.4	exit_stop	51	52	8.5	2	4	0.7458	1.0	10.5	1	True	short	True
2024-10-15	09:40	09:41	long	20624.5	20621.9625	20631.75	20621.9625	4	-20.3	exit_stop	29	40	5.5	1	0	0.3111	0.25	2.25	11	False	neutral	False
2024-10-16	10:25	10:26	long	20340.25	20335.7	20353.25	20335.7	4	-36.4	exit_stop	21	85	2.25	1	0	0.5465	0.25	6.25	64	True	long	True
2024-10-18	09:47	09:50	short	20479.5	20448.5	20466.0	20448.5	4	248.0	exit_stop	10	47	3.25	1	0	0.5122	0.75	0.25	37	False	long	False
2024-10-21	09:31	09:33	short	20439.75	20424.0	20427.75	20424.0	4	126.0	exit_stop	24	31	7.75	1	0	0.6162	0.25	0.5	7	False	long	False
2024-10-22	09:12	09:23	long	20387.75	20403.25	20402.75	20403.25	4	124.0	exit_stop	1	12	3.75	1	0	0.4737	0.25	1.0	11	True	long	True
2024-10-23	10:48	10:49	short	20446.0	20449.9375	20434.75	20449.9375	4	-31.5	exit_stop	3	108	6.5	1	0	0.1875	0.25	1.25	105	True	short	True
2024-10-30	09:08	09:11	long	20649.5	20671.0	20661.75	20671.0	4	172.0	exit_stop	2	8	4.5	1	0	0.1786	0.5	1.25	6	False	short	False
2024-10-30	10:02	10:03	long	20649.25	20644.875	20661.75	20644.875	4	-35.0	exit_stop	31	62	5.5	2	3	0.3617	0.75	2.75	31	False	short	False
2024-10-30	10:20	10:21	short	20676.75	20682.0	20661.75	20682.0	4	-42.0	exit_stop	69	80	2.25	3	1	0.1724	2.25	12.25	11	True	short	True
2024-10-30	10:45	10:50	short	20676.25	20646.25	20661.75	20646.25	4	240.0	exit_stop	100	105	18.0	4	1	0.3636	1.0	6.5	5	True	short	True
2024-11-04	09:44	09:46	long	20110.25	20131.0	20120.25	20131.0	4	166.0	exit_stop	2	44	5.25	1	0	0.5139	0.25	1.5	42	False	short	False
2024-11-04	13:28	13:29	short	20135.25	20140.5	20120.25	20140.5	4	-42.0	exit_stop	66	268	4.25	2	2	1.0	0.5	3.5	202	True	short	True
2024-11-06	10:04	10:06	short	20697.0	20682.75	20684.75	20682.75	4	114.0	exit_stop	16	64	7.5	1	0	0.6216	1.25	18.5	48	True	short	True
2024-11-07	09:19	09:23	short	21014.75	21017.725	21006.25	21017.725	4	-23.8	exit_stop	16	19	0.75	1	0	0.4286	0.5	0.5	3	True	short	True
2024-11-08	09:31	09:32	short	21200.75	21205.825	21186.25	21205.825	4	-40.6	exit_stop	3	31	0.75	1	0	0.8243	0.5	0.0	28	True	short	True
2024-11-11	09:35	09:37	long	21272.0	21283.0	21282.75	21283.0	4	88.0	exit_stop	17	35	0.5	1	0	0.1111	0.5	1.5	18	True	long	True
2024-11-12	09:18	09:29	long	21199.75	21214.0	21214.5	21214.0	4	114.0	exit_stop	16	18	5.75	1	0	0.2857	0.25	0.5	2	False	short	False
2024-11-12	09:39	09:40	short	21225.75	21229.6875	21214.5	21229.6875	4	-31.5	exit_stop	38	39	1.0	2	11	0.5185	0.25	3.0	1	True	short	True
2024-11-12	10:09	10:11	long	21201.0	21231.5	21214.5	21231.5	4	244.0	exit_stop	63	69	11.25	3	1	0.3654	0.25	19.5	6	False	short	False
2024-11-12	10:45	10:47	long	21207.0	21222.0	21214.5	21222.0	4	120.0	exit_stop	90	105	1.5	4	2	0.2857	0.25	31.0	15	False	short	False
2024-11-12	10:55	10:56	long	21207.25	21204.7125	21214.5	21204.7125	4	-20.3	exit_stop	114	115	2.5	5	2	0.7857	0.75	17.25	1	False	short	False
2024-11-13	09:03	09:04	short	21173.5	21178.6625	21158.75	21178.6625	4	-41.3	exit_stop	2	3	1.5	1	0	0.22	1.0	0.25	1	True	short	True
2024-11-14	09:31	09:33	short	21146.25	21138.0	21137.5	21138.0	4	66.0	exit_stop	5	31	10.5	1	0	0.7468	0.5	0.0	26	False	neutral	False
2024-11-14	10:44	10:45	long	21128.25	21125.0125	21137.5	21125.0125	4	-25.9	exit_stop	39	104	5.75	2	2	0.6212	1.75	24.5	65	False	neutral	False
2024-11-19	09:56	09:57	short	20535.0	20539.55	20522.0	20539.55	4	-36.4	exit_stop	3	56	0.5	1	0	0.5526	0.5	2.0	53	False	long	False
2024-11-20	09:23	09:24	long	20742.0	20738.15	20753.0	20738.15	4	-30.8	exit_stop	10	23	8.75	1	0	0.3585	0.5	4.75	13	False	short	False
2024-11-22	09:51	09:52	short	20800.0	20803.325	20790.5	20803.325	4	-26.6	exit_stop	17	51	16.5	1	0	0.2205	0.25	1.0	34	False	long	False
2024-11-25	09:48	09:50	short	21030.5	21004.25	21016.0	21004.25	4	210.0	exit_stop	35	48	20.75	1	0	0.6321	2.75	19.75	13	True	short	True
2024-11-26	09:26	09:27	long	20929.25	20925.925	20938.75	20925.925	4	-26.6	exit_stop	3	26	5.0	1	0	0.04	0.25	3.25	23	False	neutral	False
2024-11-26	10:26	10:29	long	20927.0	20960.25	20938.75	20960.25	4	266.0	exit_stop	41	86	11.25	2	1	0.098	1.25	35.5	45	False	neutral	False
2024-11-28	09:35	09:36	short	20883.0	20885.975	20874.5	20885.975	4	-23.8	exit_stop	33	35	0.0	1	0	0.9333	0.25	0.5	2	False	neutral	False
2024-11-28	09:51	09:53	short	20887.5	20892.05	20874.5	20892.05	4	-36.4	exit_stop	50	51	3.0	2	1	0.3611	0.25	1.0	1	False	neutral	False
2024-11-28	10:04	10:06	short	20888.75	20893.7375	20874.5	20893.7375	4	-39.9	exit_stop	60	64	2.5	3	2	0.875	0.25	3.25	4	False	neutral	False
2024-12-04	09:38	09:39	long	21404.75	21400.1125	21418.0	21400.1125	4	-37.1	exit_stop	2	38	0.25	1	0	0.0862	0.25	1.0	36	False	short	False
2024-12-04	10:01	10:02	long	21405.25	21400.7875	21418.0	21400.7875	4	-35.7	exit_stop	60	61	12.75	2	1	0.4203	1.5	3.5	1	False	short	False
2024-12-05	09:36	09:38	short	21547.0	21530.0	21535.25	21530.0	4	136.0	exit_stop	17	36	4.5	1	0	0.0556	0.25	1.5	19	True	short	True
2024-12-05	13:02	13:09	short	21549.0	21553.8125	21535.25	21553.8125	4	-38.5	exit_stop	60	242	1.5	2	2	0.8947	0.5	33.0	182	True	short	True
2024-12-09	09:22	09:30	short	21629.25	21583.75	21615.0	21583.75	4	364.0	exit_stop	4	22	28.75	1	0	0.2	0.25	2.0	18	True	short	True
2024-12-10	09:51	09:54	short	21545.25	21522.5	21532.75	21522.5	4	182.0	exit_stop	18	51	9.0	1	0	0.7742	0.25	0.75	33	False	long	False
2024-12-12	09:15	09:17	long	21682.0	21677.8875	21693.75	21677.8875	4	-32.9	exit_stop	14	15	2.75	1	0	0.3043	0.75	5.0	1	False	short	False
2024-12-12	09:36	09:37	long	21681.5	21677.2125	21693.75	21677.2125	4	-34.3	exit_stop	19	36	3.0	2	2	0.6792	0.25	0.5	17	False	short	False
2024-12-12	09:51	09:52	long	21681.25	21676.875	21693.75	21676.875	4	-35.0	exit_stop	50	51	7.25	3	1	0.7736	0.25	3.5	1	False	short	False
2024-12-12	10:19	10:20	long	21681.0	21676.5375	21693.75	21676.5375	4	-35.7	exit_stop	54	79	6.5	4	1	0.7705	1.0	11.0	25	False	short	False
2024-12-12	10:33	10:35	short	21702.0	21690.25	21693.75	21690.25	4	94.0	exit_stop	92	93	2.0	5	1	0.5	1.0	9.25	1	True	short	True
2024-12-13	09:26	09:27	long	21786.5	21783.525	21795.0	21783.525	4	-23.8	exit_stop	6	26	4.75	1	0	0.36	0.5	1.25	20	False	short	False
2024-12-16	09:33	09:34	short	21911.0	21915.025	21899.5	21915.025	4	-32.2	exit_stop	1	33	8.25	1	0	0.5545	1.0	0.5	32	True	short	True
2024-12-18	09:42	09:43	long	21972.25	21969.275	21980.75	21969.275	4	-23.8	exit_stop	4	42	5.25	1	0	0.802	1.5	6.0	38	False	short	False
2024-12-23	09:37	09:38	short	21630.25	21634.1	21619.25	21634.1	4	-30.8	exit_stop	11	37	8.75	1	0	0.5989	0.75	2.25	26	False	neutral	False
2024-12-24	09:31	09:33	long	21816.0	21842.75	21825.75	21842.75	4	214.0	exit_stop	4	31	3.25	1	0	0.4242	0.25	1.0	27	False	short	False
2024-12-26	09:31	09:32	short	21975.25	21980.0625	21961.5	21980.0625	4	-38.5	exit_stop	29	31	13.5	1	0	0.101	0.75	2.5	2	False	long	False
2024-12-26	10:44	10:45	short	21975.0	21979.725	21961.5	21979.725	4	-37.8	exit_stop	65	104	0.25	2	1	0.506	1.0	28.0	39	False	long	False
2024-12-31	09:27	09:28	short	21463.75	21466.4625	21456.0	21466.4625	4	-21.7	exit_stop	12	27	3.5	1	0	0.6974	0.75	0.0	15	True	short	True
2024-12-31	09:47	09:48	long	21446.25	21442.8375	21456.0	21442.8375	4	-27.3	exit_stop	30	47	12.0	2	1	0.5469	1.5	3.75	17	False	short	False
2025-01-02	10:19	10:21	short	21359.0	21289.5	21348.0	21289.5	4	556.0	exit_stop	60	79	25.25	1	0	0.8537	1.0	1.0	19	True	short	True
2025-01-08	09:20	09:21	long	21344.75	21340.9	21355.75	21340.9	4	-30.8	exit_stop	8	20	6.0	1	0	0.48	0.25	3.0	12	True	long	True
2025-01-08	09:43	09:45	long	21342.75	21363.5	21355.75	21363.5	4	166.0	exit_stop	30	43	4.5	2	1	0.2483	2.5	1.75	13	True	long	True
2025-01-08	09:56	09:57	long	21342.75	21338.2	21355.75	21338.2	4	-36.4	exit_stop	47	56	4.25	3	2	0.3138	1.25	13.75	9	True	long	True
2025-01-13	09:48	09:50	long	20752.75	20776.75	20765.75	20776.75	4	192.0	exit_stop	28	48	5.0	1	0	0.2544	0.75	0.25	20	True	long	True
2025-01-13	10:22	10:24	short	20774.75	20745.25	20765.75	20745.25	4	236.0	exit_stop	53	82	19.5	2	2	0.9327	1.75	23.25	29	False	long	False
2025-01-14	09:28	09:30	short	21081.0	21037.75	21071.25	21037.75	4	346.0	exit_stop	6	28	37.75	1	0	0.5179	0.25	3.75	22	True	short	True
2025-01-20	09:56	09:57	short	21737.25	21742.0625	21723.5	21742.0625	4	-38.5	exit_stop	5	56	9.0	1	0	0.9211	0.25	0.5	51	True	short	True
2025-01-22	09:23	09:24	long	21905.5	21902.4375	21914.25	21902.4375	4	-24.5	exit_stop	3	23	2.25	1	0	0.3333	0.5	0.5	20	False	short	False
2025-01-23	09:23	09:26	long	21880.0	21888.0	21889.0	21888.0	4	64.0	exit_stop	2	23	1.25	1	0	0.1579	0.25	0.0	21	False	neutral	False
2025-01-24	09:50	09:51	short	22055.25	22059.1	22044.25	22059.1	4	-30.8	exit_stop	3	50	1.75	1	0	0.7556	0.5	0.0	47	True	short	True
2025-01-29	09:16	09:17	short	21609.25	21612.575	21599.75	21612.575	4	-26.6	exit_stop	15	16	4.75	1	0	0.5938	0.5	3.25	1	True	short	True
2025-01-29	09:21	09:22	short	21611.0	21614.9375	21599.75	21614.9375	4	-31.5	exit_stop	19	21	0.5	2	1	0.6	0.25	5.25	2	True	short	True
2025-01-31	09:16	09:23	long	21759.75	21754.675	21774.25	21754.675	4	-40.6	exit_stop	2	16	4.5	1	0	0.0698	0.25	0.25	14	False	short	False
2025-02-03	09:04	09:05	long	21203.0	21198.625	21215.5	21198.625	4	-35.0	exit_stop	2	4	5.0	1	0	0.5909	1.25	0.0	2	False	neutral	False
2025-02-03	09:11	09:13	long	21206.5	21230.75	21215.5	21230.75	4	194.0	exit_stop	9	11	5.0	2	1	0.7582	0.5	0.75	2	False	neutral	False
2025-02-03	09:28	09:30	long	21201.5	21225.5	21215.5	21225.5	4	192.0	exit_stop	26	28	28.25	3	2	0.8226	0.25	2.0	2	False	neutral	False
2025-02-04	09:05	09:06	short	21436.75	21442.0	21421.75	21442.0	4	-42.0	exit_stop	2	5	3.75	1	0	0.84	1.25	1.75	3	False	long	False
2025-02-05	09:42	09:43	short	21562.75	21567.0375	21550.5	21567.0375	4	-34.3	exit_stop	13	42	3.0	1	0	0.3478	0.25	1.25	29	False	long	False
2025-02-05	10:13	10:15	long	21538.25	21559.0	21550.5	21559.0	4	166.0	exit_stop	57	73	1.25	2	1	0.8981	1.75	23.5	16	True	long	True
2025-02-06	09:50	09:51	short	21788.5	21792.6125	21776.75	21792.6125	4	-32.9	exit_stop	3	50	6.0	1	0	0.225	0.25	7.0	47	True	short	True
2025-02-06	10:50	10:51	long	21763.25	21758.525	21776.75	21758.525	4	-37.8	exit_stop	58	110	7.5	2	1	0.5846	0.75	42.5	52	False	short	False
2025-02-10	09:26	09:30	long	21756.5	21776.5	21764.5	21776.5	4	160.0	exit_stop	6	26	1.75	1	0	0.4167	0.75	0.0	20	True	long	True
2025-02-13	09:39	09:40	long	21854.75	21849.675	21869.25	21849.675	4	-40.6	exit_stop	6	39	25.25	1	0	0.6875	0.5	3.0	33	False	short	False
2025-02-14	09:12	09:19	long	22100.75	22109.0	22108.5	22109.0	4	66.0	exit_stop	1	12	0.5	1	0	0.05	0.25	0.0	11	False	short	False
2025-02-14	09:58	09:59	short	22123.0	22128.075	22108.5	22128.075	4	-40.6	exit_stop	21	58	2.75	2	7	0.4667	0.5	4.25	37	True	short	True
2025-02-17	09:12	09:26	short	22253.5	22241.0	22241.0	22241.0	4	100.0	exit_stop	6	12	2.25	1	0	0.6667	0.5	0.0	6	True	short	True
2025-02-18	09:32	09:34	long	22246.25	22267.0	22257.75	22267.0	4	166.0	exit_stop	3	32	11.75	1	0	0.5957	0.25	0.5	29	False	short	False
2025-02-18	09:39	09:40	long	22244.75	22240.2	22257.75	22240.2	4	-36.4	exit_stop	37	39	7.75	2	2	0.2558	1.25	3.75	2	False	short	False
2025-02-19	09:11	09:13	short	22216.5	22206.25	22207.5	22206.25	4	82.0	exit_stop	10	11	2.5	1	0	0.2667	0.25	1.75	1	False	neutral	False
2025-02-19	09:26	09:29	long	22194.0	22209.0	22207.5	22209.0	4	120.0	exit_stop	23	26	3.0	2	2	0.6071	0.5	6.25	3	False	neutral	False
2025-02-19	13:05	13:11	short	22222.25	22205.25	22207.5	22205.25	4	136.0	exit_stop	91	245	4.25	3	3	0.8235	4.0	32.5	154	False	neutral	False
2025-02-20	09:22	09:25	short	22217.25	22204.0	22210.0	22204.0	4	106.0	exit_stop	12	22	5.75	1	0	1.0	0.5	0.25	10	False	long	False
2025-02-25	09:28	09:30	long	21382.75	21401.5	21391.25	21401.5	4	150.0	exit_stop	4	28	2.5	1	0	0.8455	0.25	0.0	24	True	long	True
2025-02-26	09:43	09:44	long	21230.75	21228.0375	21238.5	21228.0375	4	-21.7	exit_stop	28	43	12.5	1	0	0.4899	1.25	0.25	15	False	short	False
2025-02-28	09:28	09:30	long	20579.0	20595.0	20590.75	20595.0	4	128.0	exit_stop	1	28	3.25	1	0	0.5222	0.25	0.5	27	True	long	True
2025-03-03	09:24	09:28	short	21070.25	21049.75	21055.75	21049.75	4	164.0	exit_stop	1	24	1.75	1	0	0.9756	0.5	0.0	23	True	short	True
2025-03-04	09:39	09:41	short	20357.25	20313.5	20342.5	20313.5	4	350.0	exit_stop	7	39	32.75	1	0	0.9177	0.75	1.5	32	False	long	False
2025-03-04	09:44	09:45	long	20331.0	20326.975	20342.5	20326.975	4	-32.2	exit_stop	43	44	18.75	2	2	0.5229	4.25	3.0	1	True	long	True
2025-03-04	09:57	09:58	long	20328.0	20322.925	20342.5	20322.925	4	-40.6	exit_stop	50	57	6.75	3	1	0.3333	4.0	32.25	7	True	long	True
2025-03-05	10:11	10:13	short	20435.25	20419.5	20421.25	20419.5	4	126.0	exit_stop	40	71	35.75	1	0	0.2807	6.75	36.75	31	False	neutral	False
2025-03-07	10:54	10:56	long	20028.0	20047.75	20037.25	20047.75	4	158.0	exit_stop	2	114	13.25	1	0	0.4529	1.5	6.0	112	True	long	True
2025-03-10	09:40	09:42	long	19869.5	19885.5	19881.75	19885.5	4	128.0	exit_stop	2	40	18.0	1	0	0.561	0.25	0.25	38	False	short	False
2025-03-11	10:54	10:55	long	19408.5	19404.475	19420.0	19404.475	4	-32.2	exit_stop	2	114	8.0	1	0	0.6047	0.25	1.5	112	False	neutral	False
2025-03-12	09:43	09:45	short	19709.5	19669.0	19696.5	19669.0	4	324.0	exit_stop	3	43	14.25	1	0	0.677	0.75	0.25	40	True	short	True
2025-03-18	09:10	09:11	short	19705.75	19710.5625	19692.0	19710.5625	4	-38.5	exit_stop	7	10	1.75	1	0	0.6111	0.5	4.0	3	True	short	True
2025-03-19	09:33	09:35	short	19597.75	19564.25	19585.0	19564.25	4	268.0	exit_stop	29	33	18.0	1	0	0.0309	2.75	0.5	4	False	long	False
2025-03-19	10:53	10:54	short	19597.75	19602.2125	19585.0	19602.2125	4	-35.7	exit_stop	47	113	10.0	2	2	0.8222	1.5	18.75	66	False	long	False
2025-03-21	09:22	09:23	long	19648.75	19645.6	19657.75	19645.6	4	-25.2	exit_stop	11	22	2.75	1	0	0.22	1.0	0.25	11	True	long	True
2025-03-24	09:36	09:38	long	20248.25	20288.75	20256.25	20288.75	4	324.0	exit_stop	16	36	19.25	1	0	0.6353	0.25	1.25	20	False	short	False
2025-03-25	09:44	09:45	long	20394.0	20391.375	20401.5	20391.375	4	-21.0	exit_stop	35	44	11.5	1	0	0.7037	3.5	0.75	9	False	short	False
2025-03-27	09:49	09:51	long	20015.5	20037.25	20028.75	20037.25	4	174.0	exit_stop	13	49	1.0	1	0	0.7273	0.25	3.25	36	True	long	True
2025-04-01	09:17	09:20	short	19394.5	19399.4	19380.5	19399.4	4	-39.2	exit_stop	5	17	0.25	1	0	0.1707	0.5	5.0	12	True	short	True
2025-04-01	09:36	09:37	long	19370.0	19366.325	19380.5	19366.325	4	-29.4	exit_stop	31	36	4.75	2	3	0.9134	3.5	4.75	5	False	short	False
2025-04-01	10:02	10:04	long	19368.0	19406.5	19380.5	19406.5	4	308.0	exit_stop	43	62	4.5	3	1	0.2364	2.0	22.0	19	False	short	False
2025-04-01	10:36	10:37	long	19366.0	19360.925	19380.5	19360.925	4	-40.6	exit_stop	66	96	8.25	4	2	0.6078	3.25	19.25	30	False	short	False
2025-04-03	13:07	13:08	long	18911.25	18906.875	18923.75	18906.875	4	-35.0	exit_stop	64	247	1.0	1	0	0.7606	1.25	75.25	183	True	long	True
2025-04-04	09:52	09:54	long	18144.5	18195.0	18153.0	18195.0	4	404.0	exit_stop	35	52	9.75	1	0	0.5135	1.0	10.75	17	True	long	True
2025-04-08	10:56	10:58	short	18163.5	18126.0	18149.0	18126.0	4	300.0	exit_stop	7	116	13.25	1	0	0.5096	2.0	7.5	109	True	short	True
2025-04-10	10:42	10:43	long	18778.0	18773.45	18791.0	18773.45	4	-36.4	exit_stop	14	102	0.75	1	0	0.4762	1.25	0.5	88	False	short	False
2025-04-14	09:26	09:27	short	19242.25	19245.575	19232.75	19245.575	4	-26.6	exit_stop	15	26	1.5	1	0	0.1667	1.0	5.75	11	True	short	True
2025-04-15	10:39	10:41	short	18997.75	18980.0	18987.0	18980.0	4	142.0	exit_stop	2	99	0.25	1	0	0.3974	0.25	0.0	97	True	short	True
2025-04-16	09:57	09:58	long	18573.75	18569.9	18584.75	18569.9	4	-30.8	exit_stop	17	57	0.0	1	0	0.8804	0.25	1.75	40	True	long	True
2025-04-17	09:09	09:10	long	18489.75	18486.6875	18498.5	18486.6875	4	-24.5	exit_stop	7	9	7.5	1	0	0.4	1.0	3.0	2	True	long	True
2025-04-21	09:31	09:32	short	18143.25	18148.325	18128.75	18148.325	4	-40.6	exit_stop	29	31	16.25	1	0	0.1417	0.25	1.75	2	True	short	True
2025-04-21	09:40	09:41	long	18116.25	18111.875	18128.75	18111.875	4	-35.0	exit_stop	34	40	13.25	2	1	0.1494	3.0	44.0	6	False	short	False
2025-04-23	09:16	09:23	long	18936.75	18950.25	18949.0	18950.25	4	108.0	exit_stop	3	16	2.25	1	0	0.6905	0.25	1.0	13	False	short	False
2025-04-24	09:38	09:39	short	18884.25	18887.3125	18875.5	18887.3125	4	-24.5	exit_stop	23	38	3.0	1	0	0.2022	0.5	5.0	15	False	long	False
2025-04-25	10:56	10:58	short	19313.25	19296.75	19302.25	19296.75	4	132.0	exit_stop	25	116	14.75	1	0	0.5342	0.75	6.75	91	True	short	True
2025-04-28	09:17	09:18	short	19560.75	19565.125	19548.25	19565.125	4	-35.0	exit_stop	14	17	5.0	1	0	0.5484	0.25	1.0	3	False	neutral	False
2025-04-28	09:24	09:25	short	19562.5	19567.4875	19548.25	19567.4875	4	-39.9	exit_stop	23	24	1.5	2	1	0.5	0.25	0.25	1	False	neutral	False
2025-04-28	09:51	09:52	short	19561.5	19566.1375	19548.25	19566.1375	4	-37.1	exit_stop	30	51	10.75	3	1	0.5875	2.75	2.5	21	False	neutral	False
2025-05-01	09:52	09:54	short	19981.5	19941.75	19971.5	19941.75	4	318.0	exit_stop	30	52	20.0	1	0	0.2258	2.75	1.75	22	True	short	True
2025-05-01	10:26	10:27	short	19982.5	19986.35	19971.5	19986.35	4	-30.8	exit_stop	82	86	0.25	2	2	0.1429	0.75	29.5	4	True	short	True
2025-05-06	09:27	09:29	long	19788.25	19796.25	19795.75	19796.25	4	64.0	exit_stop	15	27	6.25	1	0	0.1429	0.25	0.75	12	True	long	True
2025-05-07	09:10	09:11	long	19892.5	19889.9625	19899.75	19889.9625	4	-20.3	exit_stop	2	10	5.25	1	0	0.6444	0.25	2.25	8	False	short	False
2025-05-07	09:14	09:15	long	19886.5	19881.8625	19899.75	19881.8625	4	-37.1	exit_stop	13	14	18.75	2	1	0.1042	0.75	0.5	1	False	short	False
2025-05-07	09:39	09:41	long	19886.0	19923.25	19899.75	19923.25	4	298.0	exit_stop	35	39	5.5	3	1	0.0556	0.5	1.25	4	False	short	False
2025-05-09	09:53	09:55	long	20217.25	20240.25	20227.0	20240.25	4	184.0	exit_stop	25	53	9.5	1	0	0.5211	0.25	3.25	28	False	short	False
2025-05-12	09:10	09:16	long	20904.5	20921.25	20918.75	20921.25	4	134.0	exit_stop	4	10	4.5	1	0	0.8654	0.25	3.75	6	False	short	False
2025-05-12	09:28	09:30	short	20926.0	20864.25	20918.75	20864.25	4	494.0	exit_stop	27	28	56.75	2	6	0.5593	0.75	4.0	1	True	short	True
2025-05-13	09:09	09:10	short	21011.75	21014.375	21004.25	21014.375	4	-21.0	exit_stop	1	9	2.75	1	0	0.55	0.25	2.5	8	True	short	True
2025-05-14	10:18	10:21	short	21327.5	21308.75	21314.75	21308.75	4	150.0	exit_stop	30	78	4.75	1	0	0.3333	0.75	2.25	48	True	short	True
2025-05-15	09:09	09:11	short	21310.25	21312.875	21302.75	21312.875	4	-21.0	exit_stop	4	9	6.75	1	0	0.4118	0.25	1.25	5	False	long	False
2025-05-15	10:08	10:11	short	21314.25	21274.0	21302.75	21274.0	4	322.0	exit_stop	31	68	5.5	2	2	0.7794	1.5	2.5	37	False	long	False
2025-05-19	09:19	09:20	long	21188.0	21183.0125	21202.25	21183.0125	4	-39.9	exit_stop	7	19	4.0	1	0	0.7255	0.75	0.5	12	False	short	False
2025-05-23	09:46	09:47	short	20864.0	20869.075	20849.5	20869.075	4	-40.6	exit_stop	31	46	12.75	1	0	0.5057	2.75	12.75	15	False	long	False
2025-05-27	09:45	09:47	long	21249.25	21265.5	21259.5	21265.5	4	130.0	exit_stop	33	45	9.75	1	0	0.45	1.25	7.25	12	False	short	False
2025-05-28	09:14	09:18	short	21513.25	21503.25	21504.75	21503.25	4	80.0	exit_stop	5	14	3.75	1	0	0.5	0.25	1.5	9	True	short	True
2025-05-29	09:24	09:26	short	21682.5	21662.5	21674.25	21662.5	4	160.0	exit_stop	20	24	1.0	1	0	0.7619	0.75	0.0	4	True	short	True
2025-05-30	10:38	10:39	short	21393.75	21397.6	21382.75	21397.6	4	-30.8	exit_stop	1	98	4.75	1	0	0.1538	0.25	0.75	97	False	long	False
2025-06-02	10:02	10:04	long	21278.5	21304.75	21288.0	21304.75	4	210.0	exit_stop	52	62	3.5	1	0	0.5587	3.25	57.25	10	True	long	True
2025-06-03	09:43	09:44	short	21555.5	21558.7375	21546.25	21558.7375	4	-25.9	exit_stop	10	43	2.0	1	0	0.7195	0.5	0.5	33	True	short	True
2025-06-04	10:28	10:29	short	21737.5	21741.525	21726.0	21741.525	4	-32.2	exit_stop	14	88	1.25	1	0	0.5	0.5	4.5	74	True	short	True
2025-06-05	10:45	10:46	short	21827.25	21832.5	21812.25	21832.5	4	-42.0	exit_stop	1	105	23.75	1	0	0.1489	0.25	2.0	104	True	short	True
2025-06-06	10:38	10:39	short	21808.0	21811.675	21797.5	21811.675	4	-29.4	exit_stop	10	98	0.75	1	0	0.7692	0.25	12.5	88	False	long	False
2025-06-09	09:07	09:17	short	21811.5	21796.5	21798.0	21796.5	4	120.0	exit_stop	3	7	3.25	1	0	0.1333	0.25	0.0	4	False	long	False
2025-06-10	09:43	09:45	short	21845.5	21831.75	21836.5	21831.75	4	110.0	exit_stop	33	43	18.25	1	0	0.8258	1.25	6.0	10	True	short	True
2025-06-17	09:41	09:43	short	21847.75	21816.25	21839.5	21816.25	4	252.0	exit_stop	20	41	12.5	1	0	0.5422	0.5	1.5	21	False	neutral	False
2025-06-17	09:53	09:54	short	21848.25	21851.3125	21839.5	21851.3125	4	-24.5	exit_stop	52	53	4.75	2	2	0.8	0.75	15.25	1	False	neutral	False
2025-06-18	09:25	09:30	short	22006.0	21962.25	21992.5	21962.25	4	350.0	exit_stop	19	25	13.5	1	0	0.1765	0.25	1.5	6	True	short	True
2025-06-18	09:51	09:52	short	22005.75	22010.3875	21992.5	22010.3875	4	-37.1	exit_stop	49	51	3.5	2	5	0.3265	0.75	8.25	2	True	short	True
2025-06-23	09:37	09:38	long	21854.25	21849.0	21869.25	21849.0	4	-42.0	exit_stop	10	37	11.75	1	0	0.7097	0.25	0.0	27	True	long	True
2025-06-23	13:03	13:04	short	21880.25	21884.1	21869.25	21884.1	4	-30.8	exit_stop	41	243	9.75	2	1	0.1667	0.5	22.25	202	False	long	False
2025-06-26	09:05	09:08	long	22537.75	22532.5	22552.75	22532.5	4	-42.0	exit_stop	4	5	2.5	1	0	0.5833	0.25	0.25	1	False	short	False
2025-06-26	10:18	10:20	short	22560.0	22562.5375	22552.75	22562.5375	4	-20.3	exit_stop	32	78	3.75	2	3	0.2632	0.25	5.25	46	True	short	True
2025-06-26	10:43	10:44	short	22564.75	22568.95	22552.75	22568.95	4	-33.6	exit_stop	86	103	6.75	3	2	0.5435	0.75	1.75	17	True	short	True
2025-07-01	09:10	09:13	short	22811.25	22814.1375	22803.0	22814.1375	4	-23.1	exit_stop	7	10	2.25	1	0	0.7097	0.25	0.0	3	False	long	False
2025-07-01	09:44	09:46	long	22792.75	22808.75	22803.0	22808.75	4	128.0	exit_stop	19	44	6.5	2	3	0.2576	0.5	3.5	25	True	long	True
2025-07-01	09:56	10:00	short	22817.25	22783.25	22803.0	22783.25	4	272.0	exit_stop	49	56	15.75	3	2	0.2292	1.0	3.25	7	False	long	False
2025-07-02	09:34	09:35	short	22668.5	22673.4875	22654.25	22673.4875	4	-39.9	exit_stop	7	34	1.25	1	0	0.4762	0.25	2.75	27	False	long	False
2025-07-04	09:26	09:30	long	22910.0	22920.0	22917.5	22920.0	4	80.0	exit_stop	16	26	11.75	1	0	0.0417	0.25	0.0	10	False	short	False
2025-07-04	09:46	09:48	short	22925.5	22928.3	22917.5	22928.3	4	-22.4	exit_stop	41	46	2.25	2	4	0.1176	0.25	5.5	5	True	short	True
2025-07-04	09:57	09:59	short	22930.0	22891.75	22917.5	22891.75	4	306.0	exit_stop	53	57	3.0	3	2	0.4783	0.5	2.25	4	True	short	True
2025-07-07	09:23	09:24	long	22934.25	22931.1	22943.25	22931.1	4	-25.2	exit_stop	7	23	1.5	1	0	0.1818	0.25	2.5	16	False	short	False
2025-07-07	10:03	10:05	long	22933.25	22929.75	22943.25	22929.75	4	-28.0	exit_stop	62	63	3.0	2	1	0.8387	1.0	1.25	1	False	short	False
2025-07-08	09:55	09:56	long	22921.75	22917.1125	22935.0	22917.1125	4	-37.1	exit_stop	17	55	3.0	1	0	0.2985	0.5	4.75	38	False	short	False
2025-07-15	09:26	09:29	short	23213.75	23199.25	23200.25	23199.25	4	116.0	exit_stop	21	26	4.75	1	0	0.4444	0.5	1.0	5	True	short	True
2025-07-15	10:20	10:21	long	23187.25	23182.7	23200.25	23182.7	4	-36.4	exit_stop	38	80	5.5	2	3	0.0976	1.75	1.25	42	False	short	False
2025-07-16	13:08	13:09	long	23064.5	23061.0	23074.5	23061.0	4	-28.0	exit_stop	4	248	1.5	1	0	0.902	0.25	0.0	244	True	long	True
2025-07-24	13:07	13:08	short	23383.5	23386.825	23374.0	23386.825	4	-26.6	exit_stop	13	247	0.0	1	0	0.3125	0.5	2.5	234	True	short	True
2025-07-25	09:25	09:28	short	23368.25	23370.9625	23360.5	23370.9625	4	-21.7	exit_stop	2	25	9.25	1	0	0.087	0.25	0.75	23	True	short	True
2025-07-28	13:19	13:22	long	23463.5	23476.0	23473.0	23476.0	4	100.0	exit_stop	26	259	0.25	1	0	0.0556	0.5	1.75	233	True	long	True
2025-07-29	09:48	09:50	short	23606.0	23557.0	23595.5	23557.0	4	392.0	exit_stop	4	48	32.0	1	0	0.5319	0.5	1.0	44	True	short	True
2025-07-30	09:36	09:37	short	23496.0	23499.0625	23487.25	23499.0625	4	-24.5	exit_stop	18	36	3.0	1	0	0.1343	0.25	2.25	18	False	long	False
2025-08-04	09:32	09:33	short	23104.75	23108.425	23094.25	23108.425	4	-29.4	exit_stop	31	32	5.0	1	0	0.5152	1.75	4.75	1	False	long	False
2025-08-05	10:09	10:11	long	23336.5	23352.0	23348.75	23352.0	4	124.0	exit_stop	2	69	2.0	1	0	0.4231	0.5	0.25	67	False	short	False
2025-08-06	09:08	09:12	short	23178.5	23181.9125	23168.75	23181.9125	4	-27.3	exit_stop	6	8	1.25	1	0	0.4706	0.25	0.25	2	True	short	True
2025-08-06	09:51	09:52	short	23177.25	23180.225	23168.75	23180.225	4	-23.8	exit_stop	15	51	0.75	2	4	0.72	0.25	0.0	36	True	short	True
2025-08-07	09:11	09:16	short	23614.5	23599.75	23601.0	23599.75	4	118.0	exit_stop	5	11	0.75	1	0	0.8462	0.25	1.25	6	True	short	True
2025-08-07	10:45	10:46	long	23589.75	23585.8125	23601.0	23585.8125	4	-31.5	exit_stop	27	105	7.0	2	5	0.5946	0.75	2.0	78	False	short	False
2025-08-08	09:13	09:15	long	23531.5	23527.9125	23541.75	23527.9125	4	-28.7	exit_stop	7	13	4.0	1	0	0.7073	0.25	1.75	6	False	short	False
2025-08-08	09:32	09:33	short	23550.25	23553.225	23541.75	23553.225	4	-23.8	exit_stop	25	32	7.75	2	2	0.7	0.25	7.0	7	True	short	True
2025-08-12	09:32	09:34	long	23725.25	23780.75	23733.0	23780.75	4	444.0	exit_stop	20	32	22.75	1	0	0.4907	0.75	2.5	12	False	short	False
2025-08-13	09:57	09:58	long	24031.75	24027.2875	24044.5	24027.2875	4	-35.7	exit_stop	16	57	3.5	1	0	0.9457	0.25	8.25	41	False	short	False
2025-08-18	10:50	10:51	long	23755.25	23750.525	23768.75	23750.525	4	-37.8	exit_stop	25	110	7.5	1	0	0.5	1.0	4.5	85	False	neutral	False
2025-08-21	09:38	09:41	short	23274.75	23236.75	23260.25	23236.75	4	304.0	exit_stop	22	38	3.0	1	0	0.6622	0.5	2.0	16	False	neutral	False
2025-08-21	10:15	10:16	short	23275.0	23280.1625	23260.25	23280.1625	4	-41.3	exit_stop	62	75	0.0	2	3	0.3514	2.0	31.25	13	False	neutral	False
2025-08-26	09:36	09:37	short	23483.75	23488.475	23470.25	23488.475	4	-37.8	exit_stop	1	36	12.25	1	0	0.5437	0.5	0.0	35	True	short	True
2025-08-27	09:56	09:58	long	23530.5	23526.65	23541.5	23526.65	4	-30.8	exit_stop	7	56	1.5	1	0	0.4253	0.5	0.0	49	False	short	False
2025-08-27	10:10	10:13	short	23554.0	23558.375	23541.5	23558.375	4	-35.0	exit_stop	62	70	0.25	2	2	0.4468	0.25	45.75	8	True	short	True
2025-08-28	10:02	10:03	long	23628.0	23623.625	23640.5	23623.625	4	-35.0	exit_stop	45	62	11.5	1	0	0.4	2.0	35.5	17	False	short	False
2025-08-29	09:34	09:35	long	23638.25	23633.4375	23652.0	23633.4375	4	-38.5	exit_stop	6	34	7.25	1	0	0.0462	0.25	2.75	28	False	short	False
2025-09-01	09:35	09:40	long	23466.25	23483.0	23476.0	23483.0	4	134.0	exit_stop	18	35	8.75	1	0	0.6667	0.25	1.25	17	False	neutral	False
2025-09-01	09:54	10:21	short	23489.5	23477.0	23476.0	23477.0	4	100.0	exit_stop	45	54	3.0	2	5	0.5909	0.25	4.75	9	False	neutral	False
2025-09-01	10:34	10:37	short	23485.5	23488.825	23476.0	23488.825	4	-26.6	exit_stop	90	94	0.0	3	27	0.7059	0.25	7.0	4	False	neutral	False
2025-09-02	09:17	09:18	short	23113.25	23117.8	23100.25	23117.8	4	-36.4	exit_stop	2	17	4.0	1	0	0.4412	0.25	1.75	15	False	long	False
2025-09-03	10:09	10:10	short	23433.75	23437.3375	23423.5	23437.3375	4	-28.7	exit_stop	33	69	3.0	1	0	0.2469	0.75	42.0	36	False	neutral	False
2025-09-03	10:15	10:16	long	23411.0	23406.625	23423.5	23406.625	4	-35.0	exit_stop	73	75	7.75	2	1	0.8929	1.25	12.75	2	False	neutral	False
2025-09-05	09:09	09:10	short	23883.25	23886.3125	23874.5	23886.3125	4	-24.5	exit_stop	1	9	5.25	1	0	0.7838	0.25	1.25	8	True	short	True
2025-09-05	09:53	09:54	long	23865.25	23862.0125	23874.5	23862.0125	4	-25.9	exit_stop	29	53	12.25	2	1	0.5	1.25	2.5	24	False	short	False
2025-09-08	09:32	09:33	short	23791.5	23794.0375	23784.25	23794.0375	4	-20.3	exit_stop	19	32	6.0	1	0	0.1667	0.5	0.0	13	False	neutral	False
2025-09-09	09:08	09:13	long	23821.25	23816.4375	23835.0	23816.4375	4	-38.5	exit_stop	3	8	2.5	1	0	0.5	0.5	1.25	5	False	short	False
2025-09-09	10:12	10:15	short	23845.75	23820.0	23835.0	23820.0	4	206.0	exit_stop	37	72	14.5	2	5	0.1194	0.75	14.0	35	True	short	True
2025-09-10	09:17	09:19	short	24006.25	24008.9625	23998.5	24008.9625	4	-21.7	exit_stop	12	17	2.0	1	0	0.05	1.25	3.75	5	True	short	True
2025-09-11	09:25	09:30	long	23963.5	23995.5	23977.0	23995.5	4	256.0	exit_stop	4	25	7.0	1	0	0.7407	0.5	0.5	21	True	long	True
2025-09-11	10:09	10:11	short	23986.0	23965.75	23977.0	23965.75	4	162.0	exit_stop	48	69	10.75	2	5	0.8052	0.5	32.5	21	False	long	False
2025-09-11	10:51	10:54	short	23987.25	23976.5	23977.0	23976.5	4	86.0	exit_stop	93	111	4.75	3	2	0.6271	1.5	13.5	18	False	long	False
2025-09-12	09:10	09:28	short	24050.5	24038.75	24040.5	24038.75	4	94.0	exit_stop	1	10	4.0	1	0	0.125	0.25	0.0	9	True	short	True
2025-09-12	09:44	09:45	long	24030.5	24027.0	24040.5	24027.0	4	-28.0	exit_stop	30	44	5.75	2	18	0.7414	1.5	1.5	14	False	short	False
2025-09-12	10:06	10:07	short	24049.5	24052.65	24040.5	24052.65	4	-25.2	exit_stop	56	66	4.75	3	1	0.3333	0.5	14.0	10	True	short	True
2025-09-12	10:11	10:13	short	24049.5	24030.0	24040.5	24030.0	4	156.0	exit_stop	69	71	9.25	4	1	0.6389	0.5	5.25	2	True	short	True
2025-09-15	09:19	09:28	long	24170.0	24182.25	24177.75	24182.25	4	98.0	exit_stop	3	19	4.0	1	0	0.16	0.5	1.25	16	False	neutral	False
2025-09-16	09:06	09:23	short	24358.75	24363.825	24344.25	24363.825	4	-40.6	exit_stop	3	6	1.5	1	0	0.5	0.25	0.5	3	False	neutral	False
2025-09-18	09:07	09:08	long	24670.25	24667.1	24679.25	24667.1	4	-25.2	exit_stop	5	7	5.25	1	0	0.7973	0.5	2.5	2	False	short	False
2025-09-19	10:15	10:16	short	24778.75	24782.5125	24768.0	24782.5125	4	-30.1	exit_stop	20	75	6.75	1	0	0.7	0.5	6.5	55	False	long	False
2025-09-22	09:40	09:42	short	24829.25	24834.15	24815.25	24834.15	4	-39.2	exit_stop	17	40	0.25	1	0	0.5676	1.0	2.5	23	False	neutral	False
2025-09-23	09:38	09:39	long	24987.75	24983.1125	25001.0	24983.1125	4	-37.1	exit_stop	6	38	0.75	1	0	0.8919	0.5	0.5	32	False	short	False
2025-09-25	09:05	09:06	long	24562.75	24557.9375	24576.5	24557.9375	4	-38.5	exit_stop	4	5	0.5	1	0	0.4821	0.5	0.0	1	True	long	True
2025-09-26	09:41	09:42	short	24665.25	24669.1	24654.25	24669.1	4	-30.8	exit_stop	32	41	1.25	1	0	0.1982	0.75	6.0	9	True	short	True
2025-09-29	13:18	13:20	long	24836.75	24831.675	24851.25	24831.675	4	-40.6	exit_stop	30	258	6.25	1	0	0.8333	0.75	2.5	228	False	short	False
2025-09-30	10:49	10:51	short	24828.75	24819.0	24820.5	24819.0	4	78.0	exit_stop	30	109	5.0	1	0	0.4167	1.25	6.25	79	False	long	False
2025-10-01	09:50	09:52	long	24753.5	24765.0	24763.5	24765.0	4	92.0	exit_stop	8	50	5.75	1	0	0.5862	0.75	5.25	42	True	long	True
2025-10-03	09:16	09:26	long	25123.25	25136.5	25133.5	25136.5	4	106.0	exit_stop	14	16	1.25	1	0	0.2857	0.25	5.0	2	False	short	False
2025-10-03	09:50	09:51	short	25147.5	25152.4	25133.5	25152.4	4	-39.2	exit_stop	37	50	1.75	2	10	0.2239	1.5	6.5	13	True	short	True
2025-10-06	13:26	13:29	short	25223.0	25220.75	25214.25	25226.0625	4	18.0	session_close	8	266		1	0	0.45	0.25	3.5	258	True	short	True
2025-10-07	10:33	10:34	long	25226.75	25223.075	25237.25	25223.075	4	-29.4	exit_stop	50	93	0.5	1	0	0.6571	0.75	17.0	43	False	short	False
2025-10-09	09:15	09:19	long	25318.5	25328.5	25329.0	25328.5	4	80.0	exit_stop	2	15	0.75	1	0	0.5263	0.25	0.0	13	False	short	False
2025-10-10	09:33	09:34	short	25323.75	25327.425	25313.25	25327.425	4	-29.4	exit_stop	16	33	6.0	1	0	0.6901	0.25	1.75	17	True	short	True
2025-10-13	10:21	10:23	short	24837.25	24789.0	24824.75	24789.0	4	386.0	exit_stop	50	81	1.0	1	0	0.5714	2.75	32.5	31	False	long	False
2025-10-14	09:09	09:13	short	24652.25	24638.0	24638.5	24638.0	4	114.0	exit_stop	8	9	2.25	1	0	0.2917	0.5	0.5	1	False	long	False
2025-10-17	09:16	09:18	long	24727.25	24745.0	24735.5	24745.0	4	142.0	exit_stop	2	16	10.0	1	0	0.3243	0.75	1.5	14	True	long	True
2025-10-17	09:47	09:49	long	24725.75	24785.5	24735.5	24785.5	4	478.0	exit_stop	27	47	4.5	2	2	0.8105	0.5	0.25	20	True	long	True
2025-10-21	09:11	09:13	long	25286.75	25281.7625	25301.0	25281.7625	4	-39.9	exit_stop	6	11	5.5	1	0	0.4194	0.5	1.5	5	False	neutral	False
2025-10-22	09:06	09:07	long	25257.5	25254.7875	25265.25	25254.7875	4	-21.7	exit_stop	3	6	2.5	1	0	0.7742	0.25	0.25	3	True	long	True
2025-10-23	09:22	09:24	long	25002.25	24997.35	25016.25	24997.35	4	-39.2	exit_stop	3	22	3.25	1	0	0.8913	0.5	0.75	19	False	neutral	False
2025-10-24	09:25	09:29	short	25479.5	25465.25	25466.5	25465.25	4	114.0	exit_stop	12	25	5.0	1	0	0.7949	0.75	1.0	13	True	short	True
2025-10-24	09:59	10:00	short	25475.25	25478.3125	25466.5	25478.3125	4	-24.5	exit_stop	38	59	3.0	2	4	0.3419	1.25	2.25	21	True	short	True
2025-10-27	09:34	09:36	short	25823.0	25797.25	25815.75	25797.25	4	206.0	exit_stop	8	34	3.5	1	0	0.8839	0.25	1.75	26	True	short	True
2025-10-28	09:39	09:40	short	26061.0	26064.325	26051.5	26064.325	4	-26.6	exit_stop	10	39	6.25	1	0	0.3137	0.75	0.0	29	True	short	True
2025-10-28	09:51	09:52	long	26044.0	26041.375	26051.5	26041.375	4	-21.0	exit_stop	42	51	2.25	2	1	0.1957	0.75	58.5	9	False	short	False
2025-10-29	09:33	09:34	short	26278.25	26282.5375	26266.0	26282.5375	4	-34.3	exit_stop	18	33	8.5	1	0	0.5714	0.25	0.25	15	False	long	False
2025-10-29	09:47	09:49	short	26277.75	26267.0	26266.0	26267.0	4	86.0	exit_stop	36	47	2.0	2	1	0.1695	0.5	14.25	11	False	long	False
2025-10-29	13:01	13:06	long	26258.25	26265.0	26266.0	26265.0	4	54.0	exit_stop	109	241	3.5	3	2	0.5172	1.0	2.5	132	True	long	True
2025-10-30	09:52	09:53	long	26113.5	26109.2125	26125.75	26109.2125	4	-34.3	exit_stop	28	52	15.25	1	0	0.5085	0.75	20.0	24	True	long	True
2025-11-03	09:32	09:33	short	26249.75	26254.65	26235.75	26254.65	4	-39.2	exit_stop	24	32	12.0	1	0	0.0741	0.75	22.25	8	False	long	False
2025-11-05	09:37	09:39	long	25533.0	25573.0	25542.25	25573.0	4	320.0	exit_stop	26	37	5.0	1	0	0.7739	0.5	1.5	11	True	long	True
2025-11-06	09:32	09:33	long	25664.5	25661.2625	25673.75	25661.2625	4	-25.9	exit_stop	10	32	0.5	1	0	0.7603	0.5	1.75	22	False	short	False
2025-11-07	09:08	09:09	long	25100.75	25097.425	25110.25	25097.425	4	-26.6	exit_stop	3	8	0.0	1	0	0.6098	0.5	1.75	5	True	long	True
2025-11-11	09:04	09:05	long	25593.5	25589.3875	25605.25	25589.3875	4	-32.9	exit_stop	2	4	1.25	1	0	0.2667	0.25	1.25	2	False	neutral	False
2025-11-11	09:21	09:22	short	25617.25	25621.45	25605.25	25621.45	4	-33.6	exit_stop	20	21	1.0	2	1	0.52	0.25	0.25	1	False	neutral	False
2025-11-11	09:31	09:33	short	25613.75	25605.5	25605.25	25605.5	4	66.0	exit_stop	30	31	7.5	3	1	0.4464	1.5	2.25	1	False	neutral	False
2025-11-20	09:13	09:15	long	25202.75	25212.75	25211.25	25212.75	4	80.0	exit_stop	6	13	7.25	1	0	0.0606	0.75	2.0	7	False	short	False
2025-11-20	10:51	10:53	short	25219.0	25204.0	25211.25	25204.0	4	120.0	exit_stop	31	111	3.75	2	2	0.9178	1.75	32.75	80	True	short	True
2025-11-25	09:32	09:33	long	24844.0	24839.5375	24856.75	24839.5375	4	-35.7	exit_stop	5	32	14.25	1	0	0.3441	0.25	0.75	27	False	short	False
2025-11-26	09:31	09:32	short	25231.0	25234.15	25222.0	25234.15	4	-25.2	exit_stop	17	31	3.25	1	0	0.422	0.5	1.5	14	True	short	True
2025-11-27	09:32	09:33	short	25311.75	25315.3375	25301.5	25315.3375	4	-28.7	exit_stop	10	32	1.75	1	0	0.0833	0.25	3.75	22	True	short	True
2025-11-28	09:14	09:16	short	25372.75	25377.3875	25359.5	25377.3875	4	-37.1	exit_stop	1	14	1.75	1	0	0.6667	1.0	2.5	13	False	neutral	False
2025-12-01	09:44	09:46	long	25246.75	25289.75	25254.75	25289.75	4	344.0	exit_stop	7	44	14.75	1	0	0.7317	0.25	3.5	37	True	long	True
2025-12-04	09:13	09:15	short	25723.5	25727.6125	25711.75	25727.6125	4	-32.9	exit_stop	5	13	8.25	1	0	0.2195	0.5	8.5	8	True	short	True
2025-12-08	09:39	09:41	short	25803.75	25788.5	25791.5	25788.5	4	122.0	exit_stop	6	39	21.0	1	0	0.8039	0.25	1.0	33	True	short	True
2025-12-09	09:28	09:30	long	25608.0	25638.0	25618.75	25638.0	4	240.0	exit_stop	25	28	5.25	1	0	0.2667	0.25	4.75	3	True	long	True
2025-12-09	10:01	10:02	short	25628.5	25631.9125	25618.75	25631.9125	4	-27.3	exit_stop	34	61	2.5	2	2	0.6935	0.25	38.0	27	False	long	False
2025-12-10	09:38	09:39	long	25633.25	25628.35	25647.25	25628.35	4	-39.2	exit_stop	2	38	4.0	1	0	0.494	0.25	1.0	36	False	short	False
2025-12-10	09:48	09:50	short	25660.5	25631.5	25647.25	25631.5	4	232.0	exit_stop	43	48	8.0	2	1	0.3043	0.25	25.75	5	True	short	True
2025-12-10	13:00	13:05	short	25657.5	25644.0	25647.25	25644.0	4	108.0	exit_stop	66	240	2.5	3	2	0.6304	0.5	34.0	174	True	short	True
2025-12-11	13:11	13:14	long	25634.0	25642.25	25643.0	25642.25	4	66.0	exit_stop	2	251	7.75	1	0	0.6957	0.5	0.5	249	True	long	True
2025-12-12	09:46	09:47	long	25550.25	25546.925	25559.75	25546.925	4	-26.6	exit_stop	5	46	0.0	1	0	0.2549	0.5	4.0	41	False	short	False
2025-12-16	13:04	13:05	long	24978.25	24974.4	24989.25	24974.4	4	-30.8	exit_stop	28	244	5.25	1	0	0.6125	0.75	2.25	216	False	neutral	False
2025-12-19	09:20	09:21	short	25371.25	25374.575	25361.75	25374.575	4	-26.6	exit_stop	14	20	2.25	1	0	0.1591	0.75	0.5	6	True	short	True
2025-12-24	09:35	09:38	short	25810.25	25794.75	25795.75	25794.75	4	124.0	exit_stop	10	35	3.75	1	0	0.7059	0.25	3.0	25	True	short	True
2025-12-24	09:57	10:00	short	25807.25	25811.275	25795.75	25811.275	4	-32.2	exit_stop	41	57	4.75	2	3	0.2632	0.25	21.0	16	True	short	True
2025-12-26	09:58	09:59	long	25884.75	25879.675	25899.25	25879.675	4	-40.6	exit_stop	2	58	1.75	1	0	0.4921	0.25	1.5	56	False	short	False
2025-12-29	09:14	09:15	long	25695.75	25691.8125	25707.0	25691.8125	4	-31.5	exit_stop	3	14	1.5	1	0	0.5435	0.25	3.0	11	True	long	True
2025-12-31	09:34	09:36	long	25666.5	25682.5	25679.0	25682.5	4	128.0	exit_stop	6	34	3.75	1	0	0.4366	0.25	1.5	28	False	short	False
2026-01-02	09:05	09:12	short	25701.5	25683.25	25686.75	25683.25	4	146.0	exit_stop	2	5	2.25	1	0	0.7273	1.0	0.5	3	True	short	True
2026-01-05	10:20	10:21	short	25653.5	25657.175	25643.0	25657.175	4	-29.4	exit_stop	19	80	5.75	1	0	0.64	0.75	0.0	61	False	long	False
2026-01-05	10:43	10:45	short	25653.0	25637.75	25643.0	25637.75	4	122.0	exit_stop	84	103	5.0	2	1	0.4603	0.5	9.25	19	False	long	False
2026-01-06	09:34	09:36	short	25648.5	25628.0	25636.0	25628.0	4	164.0	exit_stop	31	34	19.5	1	0	0.4779	0.75	4.0	3	False	neutral	False
2026-01-13	09:28	09:30	short	25961.75	25931.75	25950.25	25931.75	4	240.0	exit_stop	1	28	5.75	1	0	0.732	0.75	0.5	27	True	short	True
2026-01-19	09:52	09:56	long	25278.25	25309.0	25293.0	25309.0	4	246.0	exit_stop	7	52	11.5	1	0	0.025	0.25	1.5	45	True	long	True
2026-01-20	09:32	09:33	short	25252.0	25255.325	25242.5	25255.325	4	-26.6	exit_stop	28	32	0.75	1	0	0.2166	0.5	9.0	4	False	long	False
2026-01-22	09:12	09:13	long	25722.0	25719.2875	25729.75	25719.2875	4	-21.7	exit_stop	4	12	2.0	1	0	0.7381	0.25	2.0	8	False	short	False
2026-01-23	09:43	09:45	short	25618.75	25600.5	25607.0	25600.5	4	146.0	exit_stop	8	43	9.25	1	0	0.2	0.5	1.5	35	False	long	False
2026-01-26	09:32	09:34	short	25755.75	25733.5	25748.5	25733.5	4	178.0	exit_stop	1	32	5.5	1	0	0.0426	1.0	1.75	31	False	neutral	False
2026-01-27	09:45	09:46	long	25974.0	25970.9375	25982.75	25970.9375	4	-24.5	exit_stop	14	45	12.5	1	0	0.9231	0.5	2.5	31	False	short	False
2026-01-28	09:19	09:25	long	26239.5	26261.25	26253.25	26261.25	4	174.0	exit_stop	2	19	0.5	1	0	0.037	0.75	0.25	17	False	neutral	False
2026-01-28	09:33	09:35	short	26262.25	26234.25	26253.25	26234.25	4	224.0	exit_stop	28	33	22.5	2	6	0.5926	0.25	21.5	5	False	neutral	False
2026-01-28	10:20	10:21	long	26245.0	26242.1125	26253.25	26242.1125	4	-23.1	exit_stop	69	80	4.25	3	2	0.7234	1.5	17.25	11	False	neutral	False
2026-01-30	09:06	09:08	short	25842.25	25823.5	25834.25	25823.5	4	150.0	exit_stop	5	6	9.5	1	0	0.1282	1.25	4.25	1	False	long	False
2026-01-30	09:58	10:00	short	25843.5	25807.75	25834.25	25807.75	4	286.0	exit_stop	12	58	21.0	2	2	0.6627	1.0	7.75	46	False	long	False
2026-02-09	09:33	09:35	long	25047.75	25074.25	25057.75	25074.25	4	212.0	exit_stop	13	33	41.0	1	0	0.3057	0.5	0.75	20	False	short	False
2026-02-10	10:00	10:01	short	25384.75	25387.725	25376.25	25387.725	4	-23.8	exit_stop	25	60	2.5	1	0	0.3816	0.75	0.0	35	True	short	True
2026-02-11	09:48	09:49	long	25410.75	25408.0375	25418.5	25408.0375	4	-21.7	exit_stop	3	48	23.75	1	0	0.7863	0.75	4.0	45	False	short	False
2026-02-16	09:37	09:38	long	24749.0	24744.1875	24762.75	24744.1875	4	-38.5	exit_stop	3	37	1.25	1	0	0.7188	0.25	0.5	34	False	short	False
2026-02-17	09:32	09:33	short	24667.5	24670.5625	24658.75	24670.5625	4	-24.5	exit_stop	21	32	11.5	1	0	0.5447	0.25	1.25	11	False	long	False
2026-02-18	09:48	09:50	short	24822.25	24794.75	24808.75	24794.75	4	220.0	exit_stop	7	48	19.5	1	0	0.5316	0.25	3.25	41	True	short	True
2026-02-19	09:42	09:43	long	24821.0	24816.45	24834.0	24816.45	4	-36.4	exit_stop	10	42	17.0	1	0	0.7644	1.0	0.0	32	False	neutral	False
2026-02-24	09:38	09:40	long	24797.5	24843.0	24804.75	24843.0	4	364.0	exit_stop	21	38	37.75	1	0	0.8438	0.25	3.25	17	False	neutral	False
2026-02-25	09:11	09:15	short	25173.0	25150.25	25160.25	25150.25	4	182.0	exit_stop	2	11	5.75	1	0	0.3846	0.5	1.0	9	True	short	True
2026-02-27	09:28	09:30	long	24807.25	24867.0	24816.0	24867.0	4	478.0	exit_stop	21	28	20.25	1	0	0.1	0.5	1.0	7	True	long	True
2026-03-05	09:20	09:24	long	24975.0	24996.25	24987.75	24996.25	4	170.0	exit_stop	7	20	0.25	1	0	0.3953	1.0	3.0	13	False	short	False
2026-03-09	10:30	10:32	long	24423.5	24441.5	24432.5	24441.5	4	144.0	exit_stop	38	90	18.75	1	0	0.625	2.5	27.75	52	False	neutral	False
2026-03-10	09:25	09:27	short	25001.25	24989.75	24991.5	24989.75	4	92.0	exit_stop	10	25	6.0	1	0	0.02	1.5	4.25	15	True	short	True
2026-03-10	10:21	10:23	long	24984.0	24996.0	24991.5	24996.0	4	96.0	exit_stop	35	81	20.5	2	2	0.5638	0.5	33.75	46	False	short	False
2026-03-11	09:48	09:49	short	25046.0	25049.85	25035.0	25049.85	4	-30.8	exit_stop	29	48	7.0	1	0	0.5309	0.5	0.25	19	False	long	False
2026-03-13	10:15	10:16	short	24659.75	24664.7375	24645.5	24664.7375	4	-39.9	exit_stop	30	75	28.5	1	0	0.3415	4.25	1.75	45	False	long	False
2026-03-17	13:12	13:13	short	24791.25	24794.3125	24782.5	24794.3125	4	-24.5	exit_stop	31	252	6.75	1	0	0.9	0.25	8.0	221	True	short	True
2026-03-19	09:15	09:17	long	24418.0	24477.0	24428.25	24477.0	4	472.0	exit_stop	11	15	32.5	1	0	0.1392	0.25	0.5	4	True	long	True
2026-03-20	09:07	09:08	long	24475.25	24470.875	24487.75	24470.875	4	-35.0	exit_stop	4	7	4.5	1	0	0.2642	0.25	1.0	3	True	long	True
2026-03-25	09:33	09:34	short	24437.5	24440.0375	24430.25	24440.0375	4	-20.3	exit_stop	1	33	2.75	1	0	0.6571	0.75	1.25	32	True	short	True
2026-03-30	09:10	09:11	long	23495.5	23490.775	23509.0	23490.775	4	-37.8	exit_stop	6	10	4.0	1	0	0.6596	0.5	1.25	4	True	long	True
2026-03-31	09:20	09:22	short	23394.25	23398.8875	23381.0	23398.8875	4	-37.1	exit_stop	8	20	7.75	1	0	0.561	0.75	1.25	12	False	long	False
2026-04-01	09:54	09:56	short	24098.75	24084.5	24088.5	24084.5	4	114.0	exit_stop	29	54	12.75	1	0	0.7658	0.75	3.25	25	False	long	False
2026-04-02	09:32	09:34	short	23776.75	23764.0	23763.25	23764.0	4	102.0	exit_stop	5	32	5.5	1	0	0.7579	0.25	4.5	27	False	long	False
2026-04-10	09:38	09:40	short	25328.75	25291.0	25315.0	25291.0	4	302.0	exit_stop	5	38	2.5	1	0	0.6667	0.25	2.0	33	True	short	True
